aar;geografi;alder;kjoenn;andel_sysselsatte;antall_sysselsatte;bosatte_totalt
2024;Oslo i alt;Alder i alt;Begge kjønn;71.1;404239;568854
2024;Oslo i alt;Alder i alt;Kvinne;69.9;198430;283738
2024;Oslo i alt;Alder i alt;Mann;72.2;205809;285116
2024;Oslo i alt;15-24 år;Begge kjønn;52.4;43738;83412
2024;Oslo i alt;15-24 år;Kvinne;55.0;23599;42913
2024;Oslo i alt;15-24 år;Mann;49.7;20139;40499
2024;Oslo i alt;25-39 år;Begge kjønn;82.9;178386;215130
2024;Oslo i alt;25-39 år;Kvinne;82.3;88792;107835
2024;Oslo i alt;25-39 år;Mann;83.5;89594;107295
2024;Oslo i alt;40-49 år;Begge kjønn;80.2;80002;99771
2024;Oslo i alt;40-49 år;Kvinne;79.3;38057;48013
2024;Oslo i alt;40-49 år;Mann;81.0;41945;51758
2024;Oslo i alt;50-59 år;Begge kjønn;76.8;65149;84810
2024;Oslo i alt;50-59 år;Kvinne;75.5;31179;41279
2024;Oslo i alt;50-59 år;Mann;78.0;33970;43531
2024;Oslo i alt;60-74 år;Begge kjønn;43.1;36964;85731
2024;Oslo i alt;60-74 år;Kvinne;38.5;16803;43698
2024;Oslo i alt;60-74 år;Mann;48.0;20161;42033
2024;Bydel Gamle Oslo;Alder i alt;Begge kjønn;74.5;40218;54001
2024;Bydel Gamle Oslo;Alder i alt;Kvinne;73.4;19219;26197
2024;Bydel Gamle Oslo;Alder i alt;Mann;75.5;20999;27804
2024;Bydel Gamle Oslo;15-24 år;Begge kjønn;56.8;3225;5682
2024;Bydel Gamle Oslo;15-24 år;Kvinne;58.9;1694;2874
2024;Bydel Gamle Oslo;15-24 år;Mann;54.5;1531;2808
2024;Bydel Gamle Oslo;25-39 år;Begge kjønn;85.7;22542;26308
2024;Bydel Gamle Oslo;25-39 år;Kvinne;84.8;11175;13176
2024;Bydel Gamle Oslo;25-39 år;Mann;86.6;11367;13132
2024;Bydel Gamle Oslo;40-49 år;Begge kjønn;77.6;7472;9623
2024;Bydel Gamle Oslo;40-49 år;Kvinne;75.3;3236;4297
2024;Bydel Gamle Oslo;40-49 år;Mann;79.5;4236;5326
2024;Bydel Gamle Oslo;50-59 år;Begge kjønn;71.6;4721;6595
2024;Bydel Gamle Oslo;50-59 år;Kvinne;70.6;2119;3003
2024;Bydel Gamle Oslo;50-59 år;Mann;72.4;2602;3592
2024;Bydel Gamle Oslo;60-74 år;Begge kjønn;39.0;2258;5793
2024;Bydel Gamle Oslo;60-74 år;Kvinne;34.9;995;2847
2024;Bydel Gamle Oslo;60-74 år;Mann;42.9;1263;2946
2024;Bydel Grünerløkka;Alder i alt;Begge kjønn;76.8;43679;56867
2024;Bydel Grünerløkka;Alder i alt;Kvinne;76.9;21499;27941
2024;Bydel Grünerløkka;Alder i alt;Mann;76.7;22180;28926
2024;Bydel Grünerløkka;15-24 år;Begge kjønn;62.8;4447;7086
2024;Bydel Grünerløkka;15-24 år;Kvinne;66.1;2598;3933
2024;Bydel Grünerløkka;15-24 år;Mann;58.6;1849;3153
2024;Bydel Grünerløkka;25-39 år;Begge kjønn;86.0;25887;30115
2024;Bydel Grünerløkka;25-39 år;Kvinne;86.2;12928;14992
2024;Bydel Grünerløkka;25-39 år;Mann;85.7;12959;15123
2024;Bydel Grünerløkka;40-49 år;Begge kjønn;80.0;7053;8820
2024;Bydel Grünerløkka;40-49 år;Kvinne;79.3;3115;3930
2024;Bydel Grünerløkka;40-49 år;Mann;80.5;3938;4890
2024;Bydel Grünerløkka;50-59 år;Begge kjønn;73.4;4386;5977
2024;Bydel Grünerløkka;50-59 år;Kvinne;74.1;1993;2688
2024;Bydel Grünerløkka;50-59 år;Mann;72.8;2393;3289
2024;Bydel Grünerløkka;60-74 år;Begge kjønn;39.1;1906;4869
2024;Bydel Grünerløkka;60-74 år;Kvinne;36.1;865;2398
2024;Bydel Grünerløkka;60-74 år;Mann;42.1;1041;2471
2024;Bydel Sagene;Alder i alt;Begge kjønn;77.2;31207;40419
2024;Bydel Sagene;Alder i alt;Kvinne;77.7;16084;20699
2024;Bydel Sagene;Alder i alt;Mann;76.7;15123;19720
2024;Bydel Sagene;15-24 år;Begge kjønn;62.1;2774;4468
2024;Bydel Sagene;15-24 år;Kvinne;64.8;1613;2488
2024;Bydel Sagene;15-24 år;Mann;58.6;1161;1980
2024;Bydel Sagene;25-39 år;Begge kjønn;88.1;19259;21849
2024;Bydel Sagene;25-39 år;Kvinne;88.6;10031;11325
2024;Bydel Sagene;25-39 år;Mann;87.7;9228;10524
2024;Bydel Sagene;40-49 år;Begge kjønn;79.2;4703;5940
2024;Bydel Sagene;40-49 år;Kvinne;80.0;2236;2794
2024;Bydel Sagene;40-49 år;Mann;78.4;2467;3146
2024;Bydel Sagene;50-59 år;Begge kjønn;72.3;2988;4135
2024;Bydel Sagene;50-59 år;Kvinne;74.1;1494;2016
2024;Bydel Sagene;50-59 år;Mann;70.5;1494;2119
2024;Bydel Sagene;60-74 år;Begge kjønn;36.8;1483;4027
2024;Bydel Sagene;60-74 år;Kvinne;34.2;710;2076
2024;Bydel Sagene;60-74 år;Mann;39.6;773;1951
2024;Bydel St.Hanshaugen;Alder i alt;Begge kjønn;76.7;26451;34471
2024;Bydel St.Hanshaugen;Alder i alt;Kvinne;76.9;13111;17042
2024;Bydel St.Hanshaugen;Alder i alt;Mann;76.5;13340;17429
2024;Bydel St.Hanshaugen;15-24 år;Begge kjønn;65.3;3259;4993
2024;Bydel St.Hanshaugen;15-24 år;Kvinne;67.5;1959;2904
2024;Bydel St.Hanshaugen;15-24 år;Mann;62.2;1300;2089
2024;Bydel St.Hanshaugen;25-39 år;Begge kjønn;84.5;14993;17741
2024;Bydel St.Hanshaugen;25-39 år;Kvinne;84.9;7385;8700
2024;Bydel St.Hanshaugen;25-39 år;Mann;84.1;7608;9041
2024;Bydel St.Hanshaugen;40-49 år;Begge kjønn;79.9;3623;4532
2024;Bydel St.Hanshaugen;40-49 år;Kvinne;81.6;1609;1973
2024;Bydel St.Hanshaugen;40-49 år;Mann;78.7;2014;2559
2024;Bydel St.Hanshaugen;50-59 år;Begge kjønn;77.6;2977;3836
2024;Bydel St.Hanshaugen;50-59 år;Kvinne;78.1;1391;1782
2024;Bydel St.Hanshaugen;50-59 år;Mann;77.2;1586;2054
2024;Bydel St.Hanshaugen;60-74 år;Begge kjønn;47.5;1599;3369
2024;Bydel St.Hanshaugen;60-74 år;Kvinne;45.6;767;1683
2024;Bydel St.Hanshaugen;60-74 år;Mann;49.3;832;1686
2024;Bydel Frogner;Alder i alt;Begge kjønn;73.2;37020;50542
2024;Bydel Frogner;Alder i alt;Kvinne;72.2;18373;25453
2024;Bydel Frogner;Alder i alt;Mann;74.3;18647;25089
2024;Bydel Frogner;15-24 år;Begge kjønn;61.5;4329;7044
2024;Bydel Frogner;15-24 år;Kvinne;63.1;2468;3912
2024;Bydel Frogner;15-24 år;Mann;59.4;1861;3132
2024;Bydel Frogner;25-39 år;Begge kjønn;83.3;18394;22075
2024;Bydel Frogner;25-39 år;Kvinne;82.9;9146;11031
2024;Bydel Frogner;25-39 år;Mann;83.7;9248;11044
2024;Bydel Frogner;40-49 år;Begge kjønn;75.8;5019;6624
2024;Bydel Frogner;40-49 år;Kvinne;75.3;2315;3074
2024;Bydel Frogner;40-49 år;Mann;76.2;2704;3550
2024;Bydel Frogner;50-59 år;Begge kjønn;76.4;5319;6964
2024;Bydel Frogner;50-59 år;Kvinne;75.8;2595;3425
2024;Bydel Frogner;50-59 år;Mann;77.0;2724;3539
2024;Bydel Frogner;60-74 år;Begge kjønn;50.5;3959;7835
2024;Bydel Frogner;60-74 år;Kvinne;46.1;1849;4011
2024;Bydel Frogner;60-74 år;Mann;55.2;2110;3824
2024;Bydel Ullern;Alder i alt;Begge kjønn;71.8;18610;25932
2024;Bydel Ullern;Alder i alt;Kvinne;70.6;9320;13201
2024;Bydel Ullern;Alder i alt;Mann;73.0;9290;12731
2024;Bydel Ullern;15-24 år;Begge kjønn;45.3;1714;3785
2024;Bydel Ullern;15-24 år;Kvinne;48.2;905;1878
2024;Bydel Ullern;15-24 år;Mann;42.4;809;1907
2024;Bydel Ullern;25-39 år;Begge kjønn;84.3;6189;7343
2024;Bydel Ullern;25-39 år;Kvinne;83.9;3121;3718
2024;Bydel Ullern;25-39 år;Mann;84.6;3068;3625
2024;Bydel Ullern;40-49 år;Begge kjønn;85.1;4110;4828
2024;Bydel Ullern;40-49 år;Kvinne;84.1;2018;2400
2024;Bydel Ullern;40-49 år;Mann;86.2;2092;2428
2024;Bydel Ullern;50-59 år;Begge kjønn;86.1;3816;4430
2024;Bydel Ullern;50-59 år;Kvinne;86.3;1934;2240
2024;Bydel Ullern;50-59 år;Mann;85.9;1882;2190
2024;Bydel Ullern;60-74 år;Begge kjønn;50.1;2781;5546
2024;Bydel Ullern;60-74 år;Kvinne;45.3;1342;2965
2024;Bydel Ullern;60-74 år;Mann;55.8;1439;2581
2024;Bydel Vestre Aker;Alder i alt;Begge kjønn;72.0;26801;37208
2024;Bydel Vestre Aker;Alder i alt;Kvinne;71.1;13522;19028
2024;Bydel Vestre Aker;Alder i alt;Mann;73.0;13279;18180
2024;Bydel Vestre Aker;15-24 år;Begge kjønn;43.0;2606;6059
2024;Bydel Vestre Aker;15-24 år;Kvinne;45.1;1378;3058
2024;Bydel Vestre Aker;15-24 år;Mann;40.9;1228;3001
2024;Bydel Vestre Aker;25-39 år;Begge kjønn;83.5;8250;9882
2024;Bydel Vestre Aker;25-39 år;Kvinne;82.7;4278;5171
2024;Bydel Vestre Aker;25-39 år;Mann;84.3;3972;4711
2024;Bydel Vestre Aker;40-49 år;Begge kjønn;87.6;6550;7474
2024;Bydel Vestre Aker;40-49 år;Kvinne;87.8;3287;3744
2024;Bydel Vestre Aker;40-49 år;Mann;87.5;3263;3730
2024;Bydel Vestre Aker;50-59 år;Begge kjønn;86.1;5600;6503
2024;Bydel Vestre Aker;50-59 år;Kvinne;85.8;2778;3236
2024;Bydel Vestre Aker;50-59 år;Mann;86.4;2822;3267
2024;Bydel Vestre Aker;60-74 år;Begge kjønn;52.1;3795;7290
2024;Bydel Vestre Aker;60-74 år;Kvinne;47.2;1801;3819
2024;Bydel Vestre Aker;60-74 år;Mann;57.4;1994;3471
2024;Bydel Nordre Aker;Alder i alt;Begge kjønn;71.2;29567;41534
2024;Bydel Nordre Aker;Alder i alt;Kvinne;70.3;14686;20901
2024;Bydel Nordre Aker;Alder i alt;Mann;72.1;14881;20633
2024;Bydel Nordre Aker;15-24 år;Begge kjønn;45.8;3726;8140
2024;Bydel Nordre Aker;15-24 år;Kvinne;47.7;1975;4140
2024;Bydel Nordre Aker;15-24 år;Mann;43.8;1751;4000
2024;Bydel Nordre Aker;25-39 år;Begge kjønn;79.4;9800;12345
2024;Bydel Nordre Aker;25-39 år;Kvinne;78.6;4844;6161
2024;Bydel Nordre Aker;25-39 år;Mann;80.1;4956;6184
2024;Bydel Nordre Aker;40-49 år;Begge kjønn;87.8;6413;7305
2024;Bydel Nordre Aker;40-49 år;Kvinne;87.6;3182;3633
2024;Bydel Nordre Aker;40-49 år;Mann;88.0;3231;3672
2024;Bydel Nordre Aker;50-59 år;Begge kjønn;87.5;6038;6900
2024;Bydel Nordre Aker;50-59 år;Kvinne;86.8;3013;3471
2024;Bydel Nordre Aker;50-59 år;Mann;88.2;3025;3429
2024;Bydel Nordre Aker;60-74 år;Begge kjønn;52.5;3590;6844
2024;Bydel Nordre Aker;60-74 år;Kvinne;47.8;1672;3496
2024;Bydel Nordre Aker;60-74 år;Mann;57.3;1918;3348
2024;Bydel Bjerke;Alder i alt;Begge kjønn;70.4;19928;28313
2024;Bydel Bjerke;Alder i alt;Kvinne;68.5;9557;13947
2024;Bydel Bjerke;Alder i alt;Mann;72.2;10371;14366
2024;Bydel Bjerke;15-24 år;Begge kjønn;51.2;2248;4393
2024;Bydel Bjerke;15-24 år;Kvinne;53.0;1144;2159
2024;Bydel Bjerke;15-24 år;Mann;49.4;1104;2234
2024;Bydel Bjerke;25-39 år;Begge kjønn;82.5;8515;10322
2024;Bydel Bjerke;25-39 år;Kvinne;81.1;4124;5088
2024;Bydel Bjerke;25-39 år;Mann;83.9;4391;5234
2024;Bydel Bjerke;40-49 år;Begge kjønn;80.6;4481;5561
2024;Bydel Bjerke;40-49 år;Kvinne;78.0;2142;2747
2024;Bydel Bjerke;40-49 år;Mann;83.1;2339;2814
2024;Bydel Bjerke;50-59 år;Begge kjønn;75.6;3270;4325
2024;Bydel Bjerke;50-59 år;Kvinne;74.4;1531;2058
2024;Bydel Bjerke;50-59 år;Mann;76.7;1739;2267
2024;Bydel Bjerke;60-74 år;Begge kjønn;38.1;1414;3712
2024;Bydel Bjerke;60-74 år;Kvinne;32.5;616;1895
2024;Bydel Bjerke;60-74 år;Mann;43.9;798;1817
2024;Bydel Grorud;Alder i alt;Begge kjønn;63.8;13923;21813
2024;Bydel Grorud;Alder i alt;Kvinne;61.6;6678;10842
2024;Bydel Grorud;Alder i alt;Mann;66.0;7245;10971
2024;Bydel Grorud;15-24 år;Begge kjønn;49.4;1602;3245
2024;Bydel Grorud;15-24 år;Kvinne;50.0;790;1579
2024;Bydel Grorud;15-24 år;Mann;48.7;812;1666
2024;Bydel Grorud;25-39 år;Begge kjønn;77.6;5082;6545
2024;Bydel Grorud;25-39 år;Kvinne;76.5;2484;3245
2024;Bydel Grorud;25-39 år;Mann;78.7;2598;3300
2024;Bydel Grorud;40-49 år;Begge kjønn;74.8;3153;4215
2024;Bydel Grorud;40-49 år;Kvinne;73.1;1537;2104
2024;Bydel Grorud;40-49 år;Mann;76.6;1616;2111
2024;Bydel Grorud;50-59 år;Begge kjønn;69.2;2712;3917
2024;Bydel Grorud;50-59 år;Kvinne;65.0;1264;1946
2024;Bydel Grorud;50-59 år;Mann;73.5;1448;1971
2024;Bydel Grorud;60-74 år;Begge kjønn;35.3;1374;3891
2024;Bydel Grorud;60-74 år;Kvinne;30.6;603;1968
2024;Bydel Grorud;60-74 år;Mann;40.1;771;1923
2024;Bydel Stovner;Alder i alt;Begge kjønn;59.9;15467;25842
2024;Bydel Stovner;Alder i alt;Kvinne;56.5;7051;12487
2024;Bydel Stovner;Alder i alt;Mann;63.0;8416;13355
2024;Bydel Stovner;15-24 år;Begge kjønn;50.0;2387;4772
2024;Bydel Stovner;15-24 år;Kvinne;52.9;1226;2316
2024;Bydel Stovner;15-24 år;Mann;47.3;1161;2456
2024;Bydel Stovner;25-39 år;Begge kjønn;71.5;5057;7077
2024;Bydel Stovner;25-39 år;Kvinne;67.9;2355;3467
2024;Bydel Stovner;25-39 år;Mann;74.8;2702;3610
2024;Bydel Stovner;40-49 år;Begge kjønn;71.1;3440;4841
2024;Bydel Stovner;40-49 år;Kvinne;67.2;1561;2323
2024;Bydel Stovner;40-49 år;Mann;74.6;1879;2518
2024;Bydel Stovner;50-59 år;Begge kjønn;65.8;3084;4689
2024;Bydel Stovner;50-59 år;Kvinne;60.3;1344;2228
2024;Bydel Stovner;50-59 år;Mann;70.7;1740;2461
2024;Bydel Stovner;60-74 år;Begge kjønn;33.6;1499;4463
2024;Bydel Stovner;60-74 år;Kvinne;26.2;565;2153
2024;Bydel Stovner;60-74 år;Mann;40.4;934;2310
2024;Bydel Alna;Alder i alt;Begge kjønn;63.4;24391;38451
2024;Bydel Alna;Alder i alt;Kvinne;60.5;11428;18899
2024;Bydel Alna;Alder i alt;Mann;66.3;12963;19552
2024;Bydel Alna;15-24 år;Begge kjønn;49.7;2910;5852
2024;Bydel Alna;15-24 år;Kvinne;51.1;1470;2874
2024;Bydel Alna;15-24 år;Mann;48.4;1440;2978
2024;Bydel Alna;25-39 år;Begge kjønn;78.3;9512;12144
2024;Bydel Alna;25-39 år;Kvinne;75.3;4481;5949
2024;Bydel Alna;25-39 år;Mann;81.2;5031;6195
2024;Bydel Alna;40-49 år;Begge kjønn;74.6;5553;7445
2024;Bydel Alna;40-49 år;Kvinne;72.4;2613;3607
2024;Bydel Alna;40-49 år;Mann;76.6;2940;3838
2024;Bydel Alna;50-59 år;Begge kjønn;67.0;4249;6341
2024;Bydel Alna;50-59 år;Kvinne;62.4;1919;3076
2024;Bydel Alna;50-59 år;Mann;71.4;2330;3265
2024;Bydel Alna;60-74 år;Begge kjønn;32.5;2167;6669
2024;Bydel Alna;60-74 år;Kvinne;27.9;945;3393
2024;Bydel Alna;60-74 år;Mann;37.3;1222;3276
2024;Bydel Østensjø;Alder i alt;Begge kjønn;71.3;27737;38902
2024;Bydel Østensjø;Alder i alt;Kvinne;69.9;13901;19878
2024;Bydel Østensjø;Alder i alt;Mann;72.7;13836;19024
2024;Bydel Østensjø;15-24 år;Begge kjønn;47.8;2625;5492
2024;Bydel Østensjø;15-24 år;Kvinne;50.1;1313;2620
2024;Bydel Østensjø;15-24 år;Mann;45.7;1312;2872
2024;Bydel Østensjø;25-39 år;Begge kjønn;84.3;9508;11278
2024;Bydel Østensjø;25-39 år;Kvinne;83.6;4849;5797
2024;Bydel Østensjø;25-39 år;Mann;85.0;4659;5481
2024;Bydel Østensjø;40-49 år;Begge kjønn;85.5;6777;7929
2024;Bydel Østensjø;40-49 år;Kvinne;84.0;3444;4100
2024;Bydel Østensjø;40-49 år;Mann;87.0;3333;3829
2024;Bydel Østensjø;50-59 år;Begge kjønn;82.2;5846;7116
2024;Bydel Østensjø;50-59 år;Kvinne;80.2;2948;3674
2024;Bydel Østensjø;50-59 år;Mann;84.2;2898;3442
2024;Bydel Østensjø;60-74 år;Begge kjønn;42.1;2981;7087
2024;Bydel Østensjø;60-74 år;Kvinne;36.5;1347;3687
2024;Bydel Østensjø;60-74 år;Mann;48.1;1634;3400
2024;Bydel Nordstrand;Alder i alt;Begge kjønn;72.1;29027;40280
2024;Bydel Nordstrand;Alder i alt;Kvinne;70.8;14520;20500
2024;Bydel Nordstrand;Alder i alt;Mann;73.3;14507;19780
2024;Bydel Nordstrand;15-24 år;Begge kjønn;47.9;3004;6269
2024;Bydel Nordstrand;15-24 år;Kvinne;49.9;1545;3098
2024;Bydel Nordstrand;15-24 år;Mann;46.0;1459;3171
2024;Bydel Nordstrand;25-39 år;Begge kjønn;83.8;8877;10589
2024;Bydel Nordstrand;25-39 år;Kvinne;83.7;4554;5444
2024;Bydel Nordstrand;25-39 år;Mann;84.0;4323;5145
2024;Bydel Nordstrand;40-49 år;Begge kjønn;87.4;7129;8161
2024;Bydel Nordstrand;40-49 år;Kvinne;87.2;3642;4177
2024;Bydel Nordstrand;40-49 år;Mann;87.5;3487;3984
2024;Bydel Nordstrand;50-59 år;Begge kjønn;85.2;6247;7331
2024;Bydel Nordstrand;50-59 år;Kvinne;84.1;3078;3662
2024;Bydel Nordstrand;50-59 år;Mann;86.4;3169;3669
2024;Bydel Nordstrand;60-74 år;Begge kjønn;47.5;3770;7930
2024;Bydel Nordstrand;60-74 år;Kvinne;41.3;1701;4119
2024;Bydel Nordstrand;60-74 år;Mann;54.3;2069;3811
2024;Bydel Søndre Nordstrand;Alder i alt;Begge kjønn;59.7;17818;29852
2024;Bydel Søndre Nordstrand;Alder i alt;Kvinne;56.8;8487;14950
2024;Bydel Søndre Nordstrand;Alder i alt;Mann;62.6;9331;14902
2024;Bydel Søndre Nordstrand;15-24 år;Begge kjønn;46.6;2529;5425
2024;Bydel Søndre Nordstrand;15-24 år;Kvinne;49.0;1314;2683
2024;Bydel Søndre Nordstrand;15-24 år;Mann;44.3;1215;2742
2024;Bydel Søndre Nordstrand;25-39 år;Begge kjønn;70.8;5566;7867
2024;Bydel Søndre Nordstrand;25-39 år;Kvinne;67.8;2654;3912
2024;Bydel Søndre Nordstrand;25-39 år;Mann;73.6;2912;3955
2024;Bydel Søndre Nordstrand;40-49 år;Begge kjønn;72.4;4073;5629
2024;Bydel Søndre Nordstrand;40-49 år;Kvinne;68.8;1944;2824
2024;Bydel Søndre Nordstrand;40-49 år;Mann;75.9;2129;2805
2024;Bydel Søndre Nordstrand;50-59 år;Begge kjønn;68.9;3516;5103
2024;Bydel Søndre Nordstrand;50-59 år;Kvinne;63.9;1636;2559
2024;Bydel Søndre Nordstrand;50-59 år;Mann;73.9;1880;2544
2024;Bydel Søndre Nordstrand;60-74 år;Begge kjønn;36.6;2134;5828
2024;Bydel Søndre Nordstrand;60-74 år;Kvinne;31.6;939;2972
2024;Bydel Søndre Nordstrand;60-74 år;Mann;41.8;1195;2856
2024;Sentrum;Alder i alt;Begge kjønn;73.5;1082;1472
2024;Sentrum;Alder i alt;Kvinne;72.5;454;626
2024;Sentrum;Alder i alt;Mann;74.2;628;846
2024;Sentrum;15-24 år;Begge kjønn;73.6;229;311
2024;Sentrum;15-24 år;Kvinne;72.8;134;184
2024;Sentrum;15-24 år;Mann;74.8;95;127
2024;Sentrum;25-39 år;Begge kjønn;79.3;642;810
2024;Sentrum;25-39 år;Kvinne;77.8;249;320
2024;Sentrum;25-39 år;Mann;80.2;393;490
2024;Sentrum;40-49 år;Begge kjønn;64.2;122;190
2024;Sentrum;40-49 år;Kvinne;64.2;43;67
2024;Sentrum;40-49 år;Mann;64.2;79;123
2024;Sentrum;50-59 år;Begge kjønn;60.2;62;103
2024;Sentrum;50-59 år;Kvinne;59.4;19;32
2024;Sentrum;50-59 år;Mann;60.6;43;71
2024;Sentrum;60-74 år;Begge kjønn;46.6;27;58
2024;Sentrum;60-74 år;Kvinne;39.1;9;23
2024;Sentrum;60-74 år;Mann;51.4;18;35
2024;Marka;Alder i alt;Begge kjønn;69.1;914;1323
2024;Marka;Alder i alt;Kvinne;65.6;427;651
2024;Marka;Alder i alt;Mann;72.5;487;672
2024;Marka;15-24 år;Begge kjønn;42.2;78;185
2024;Marka;15-24 år;Kvinne;39.8;41;103
2024;Marka;15-24 år;Mann;45.1;37;82
2024;Marka;25-39 år;Begge kjønn;75.0;180;240
2024;Marka;25-39 år;Kvinne;71.1;91;128
2024;Marka;25-39 år;Mann;79.5;89;112
2024;Marka;40-49 år;Begge kjønn;89.1;228;256
2024;Marka;40-49 år;Kvinne;89.5;111;124
2024;Marka;40-49 år;Mann;88.6;117;132
2024;Marka;50-59 år;Begge kjønn;83.9;240;286
2024;Marka;50-59 år;Kvinne;82.7;110;133
2024;Marka;50-59 år;Mann;85.0;130;153
2024;Marka;60-74 år;Begge kjønn;52.8;188;356
2024;Marka;60-74 år;Kvinne;45.4;74;163
2024;Marka;60-74 år;Mann;59.1;114;193
2024;Uten registrert adresse;Alder i alt;Begge kjønn;24.4;399;1632
2024;Uten registrert adresse;Alder i alt;Kvinne;22.8;113;496
2024;Uten registrert adresse;Alder i alt;Mann;25.2;286;1136
2024;Uten registrert adresse;15-24 år;Begge kjønn;21.8;46;211
2024;Uten registrert adresse;15-24 år;Kvinne;29.1;32;110
2024;Uten registrert adresse;15-24 år;Mann;13.9;14;101
2024;Uten registrert adresse;25-39 år;Begge kjønn;22.2;133;600
2024;Uten registrert adresse;25-39 år;Kvinne;20.4;43;211
2024;Uten registrert adresse;25-39 år;Mann;23.1;90;389
2024;Uten registrert adresse;40-49 år;Begge kjønn;25.9;103;398
2024;Uten registrert adresse;40-49 år;Kvinne;23.2;22;95
2024;Uten registrert adresse;40-49 år;Mann;26.7;81;303
2024;Uten registrert adresse;50-59 år;Begge kjønn;30.1;78;259
2024;Uten registrert adresse;50-59 år;Kvinne;26.0;13;50
2024;Uten registrert adresse;50-59 år;Mann;31.1;65;209
2024;Uten registrert adresse;60-74 år;Begge kjønn;23.8;39;164
2024;Uten registrert adresse;60-74 år;Kvinne;10.0;3;30
2024;Uten registrert adresse;60-74 år;Mann;26.9;36;134
2024;Grønland;Alder i alt;Begge kjønn;69.1;5740;8306
2024;Grønland;Alder i alt;Kvinne;66.6;2462;3695
2024;Grønland;Alder i alt;Mann;71.1;3278;4611
2024;Grønland;15-24 år;Begge kjønn;58.9;534;907
2024;Grønland;15-24 år;Kvinne;58.5;271;463
2024;Grønland;15-24 år;Mann;59.2;263;444
2024;Grønland;25-39 år;Begge kjønn;80.8;3444;4265
2024;Grønland;25-39 år;Kvinne;78.9;1554;1969
2024;Grønland;25-39 år;Mann;82.3;1890;2296
2024;Grønland;40-49 år;Begge kjønn;68.1;950;1395
2024;Grønland;40-49 år;Kvinne;63.1;339;537
2024;Grønland;40-49 år;Mann;71.2;611;858
2024;Grønland;50-59 år;Begge kjønn;56.8;532;936
2024;Grønland;50-59 år;Kvinne;49.9;195;391
2024;Grønland;50-59 år;Mann;61.8;337;545
2024;Grønland;60-74 år;Begge kjønn;34.9;280;803
2024;Grønland;60-74 år;Kvinne;30.7;103;335
2024;Grønland;60-74 år;Mann;37.8;177;468
2024;Enerhaugen;Alder i alt;Begge kjønn;72.9;4669;6401
2024;Enerhaugen;Alder i alt;Kvinne;72.4;2233;3083
2024;Enerhaugen;Alder i alt;Mann;73.4;2436;3318
2024;Enerhaugen;15-24 år;Begge kjønn;54.3;425;782
2024;Enerhaugen;15-24 år;Kvinne;57.7;224;388
2024;Enerhaugen;15-24 år;Mann;51.0;201;394
2024;Enerhaugen;25-39 år;Begge kjønn;84.8;2675;3156
2024;Enerhaugen;25-39 år;Kvinne;83.9;1372;1635
2024;Enerhaugen;25-39 år;Mann;85.7;1303;1521
2024;Enerhaugen;40-49 år;Begge kjønn;74.0;822;1111
2024;Enerhaugen;40-49 år;Kvinne;70.8;339;479
2024;Enerhaugen;40-49 år;Mann;76.4;483;632
2024;Enerhaugen;50-59 år;Begge kjønn;68.3;529;775
2024;Enerhaugen;50-59 år;Kvinne;65.0;215;331
2024;Enerhaugen;50-59 år;Mann;70.7;314;444
2024;Enerhaugen;60-74 år;Begge kjønn;37.8;218;577
2024;Enerhaugen;60-74 år;Kvinne;33.2;83;250
2024;Enerhaugen;60-74 år;Mann;41.3;135;327
2024;Nedre Tøyen;Alder i alt;Begge kjønn;68.0;3012;4427
2024;Nedre Tøyen;Alder i alt;Kvinne;67.2;1487;2213
2024;Nedre Tøyen;Alder i alt;Mann;68.9;1525;2214
2024;Nedre Tøyen;15-24 år;Begge kjønn;56.2;281;500
2024;Nedre Tøyen;15-24 år;Kvinne;58.4;149;255
2024;Nedre Tøyen;15-24 år;Mann;53.9;132;245
2024;Nedre Tøyen;25-39 år;Begge kjønn;81.0;1954;2412
2024;Nedre Tøyen;25-39 år;Kvinne;79.5;1002;1260
2024;Nedre Tøyen;25-39 år;Mann;82.6;952;1152
2024;Nedre Tøyen;40-49 år;Begge kjønn;64.8;457;705
2024;Nedre Tøyen;40-49 år;Kvinne;58.6;194;331
2024;Nedre Tøyen;40-49 år;Mann;70.3;263;374
2024;Nedre Tøyen;50-59 år;Begge kjønn;53.6;240;448
2024;Nedre Tøyen;50-59 år;Kvinne;54.3;108;199
2024;Nedre Tøyen;50-59 år;Mann;53.0;132;249
2024;Nedre Tøyen;60-74 år;Begge kjønn;22.1;80;362
2024;Nedre Tøyen;60-74 år;Kvinne;20.2;34;168
2024;Nedre Tøyen;60-74 år;Mann;23.7;46;194
2024;Kampen;Alder i alt;Begge kjønn;74.0;2474;3343
2024;Kampen;Alder i alt;Kvinne;73.3;1260;1718
2024;Kampen;Alder i alt;Mann;74.7;1214;1625
2024;Kampen;15-24 år;Begge kjønn;52.8;191;362
2024;Kampen;15-24 år;Kvinne;52.2;83;159
2024;Kampen;15-24 år;Mann;53.2;108;203
2024;Kampen;25-39 år;Begge kjønn;87.4;1275;1459
2024;Kampen;25-39 år;Kvinne;87.2;661;758
2024;Kampen;25-39 år;Mann;87.6;614;701
2024;Kampen;40-49 år;Begge kjønn;78.7;476;605
2024;Kampen;40-49 år;Kvinne;79.7;248;311
2024;Kampen;40-49 år;Mann;77.6;228;294
2024;Kampen;50-59 år;Begge kjønn;74.9;353;471
2024;Kampen;50-59 år;Kvinne;75.6;180;238
2024;Kampen;50-59 år;Mann;74.2;173;233
2024;Kampen;60-74 år;Begge kjønn;40.1;179;446
2024;Kampen;60-74 år;Kvinne;34.9;88;252
2024;Kampen;60-74 år;Mann;46.9;91;194
2024;Vålerenga;Alder i alt;Begge kjønn;69.6;3426;4925
2024;Vålerenga;Alder i alt;Kvinne;71.8;1740;2422
2024;Vålerenga;Alder i alt;Mann;67.4;1686;2503
2024;Vålerenga;15-24 år;Begge kjønn;48.8;288;590
2024;Vålerenga;15-24 år;Kvinne;51.1;142;278
2024;Vålerenga;15-24 år;Mann;46.8;146;312
2024;Vålerenga;25-39 år;Begge kjønn;82.9;1593;1922
2024;Vålerenga;25-39 år;Kvinne;85.6;848;991
2024;Vålerenga;25-39 år;Mann;80.0;745;931
2024;Vålerenga;40-49 år;Begge kjønn;76.3;746;978
2024;Vålerenga;40-49 år;Kvinne;77.7;372;479
2024;Vålerenga;40-49 år;Mann;74.9;374;499
2024;Vålerenga;50-59 år;Begge kjønn;69.0;551;798
2024;Vålerenga;50-59 år;Kvinne;72.2;270;374
2024;Vålerenga;50-59 år;Mann;66.3;281;424
2024;Vålerenga;60-74 år;Begge kjønn;38.9;248;637
2024;Vålerenga;60-74 år;Kvinne;36.0;108;300
2024;Vålerenga;60-74 år;Mann;41.5;140;337
2024;Kværnerbyen;Alder i alt;Begge kjønn;78.0;6504;8340
2024;Kværnerbyen;Alder i alt;Kvinne;76.6;3101;4047
2024;Kværnerbyen;Alder i alt;Mann;79.3;3403;4293
2024;Kværnerbyen;15-24 år;Begge kjønn;54.9;426;776
2024;Kværnerbyen;15-24 år;Kvinne;59.0;242;410
2024;Kværnerbyen;15-24 år;Mann;50.3;184;366
2024;Kværnerbyen;25-39 år;Begge kjønn;87.6;3711;4238
2024;Kværnerbyen;25-39 år;Kvinne;86.2;1809;2098
2024;Kværnerbyen;25-39 år;Mann;88.9;1902;2140
2024;Kværnerbyen;40-49 år;Begge kjønn;81.2;1262;1554
2024;Kværnerbyen;40-49 år;Kvinne;78.6;528;672
2024;Kværnerbyen;40-49 år;Mann;83.2;734;882
2024;Kværnerbyen;50-59 år;Begge kjønn;76.1;737;969
2024;Kværnerbyen;50-59 år;Kvinne;76.2;342;449
2024;Kværnerbyen;50-59 år;Mann;76.0;395;520
2024;Kværnerbyen;60-74 år;Begge kjønn;45.8;368;803
2024;Kværnerbyen;60-74 år;Kvinne;43.1;180;418
2024;Kværnerbyen;60-74 år;Mann;48.8;188;385
2024;Bispevika;Alder i alt;Begge kjønn;76.4;2791;3651
2024;Bispevika;Alder i alt;Kvinne;74.9;1257;1678
2024;Bispevika;Alder i alt;Mann;77.7;1534;1973
2024;Bispevika;15-24 år;Begge kjønn;69.7;235;337
2024;Bispevika;15-24 år;Kvinne;73.5;139;189
2024;Bispevika;15-24 år;Mann;64.9;96;148
2024;Bispevika;25-39 år;Begge kjønn;82.1;1259;1534
2024;Bispevika;25-39 år;Kvinne;80.7;586;726
2024;Bispevika;25-39 år;Mann;83.3;673;808
2024;Bispevika;40-49 år;Begge kjønn;79.2;506;639
2024;Bispevika;40-49 år;Kvinne;75.6;189;250
2024;Bispevika;40-49 år;Mann;81.5;317;389
2024;Bispevika;50-59 år;Begge kjønn;82.1;496;604
2024;Bispevika;50-59 år;Kvinne;81.9;222;271
2024;Bispevika;50-59 år;Mann;82.3;274;333
2024;Bispevika;60-74 år;Begge kjønn;54.9;295;537
2024;Bispevika;60-74 år;Kvinne;50.0;121;242
2024;Bispevika;60-74 år;Mann;59.0;174;295
2024;Ensjø;Alder i alt;Begge kjønn;81.8;9124;11156
2024;Ensjø;Alder i alt;Kvinne;80.1;4419;5518
2024;Ensjø;Alder i alt;Mann;83.5;4705;5638
2024;Ensjø;15-24 år;Begge kjønn;63.0;680;1080
2024;Ensjø;15-24 år;Kvinne;65.1;369;567
2024;Ensjø;15-24 år;Mann;60.6;311;513
2024;Ensjø;25-39 år;Begge kjønn;90.8;5575;6140
2024;Ensjø;25-39 år;Kvinne;89.7;2783;3101
2024;Ensjø;25-39 år;Mann;91.9;2792;3039
2024;Ensjø;40-49 år;Begge kjønn;84.8;1620;1910
2024;Ensjø;40-49 år;Kvinne;81.3;695;855
2024;Ensjø;40-49 år;Mann;87.7;925;1055
2024;Ensjø;50-59 år;Begge kjønn;81.7;874;1070
2024;Ensjø;50-59 år;Kvinne;80.2;388;484
2024;Ensjø;50-59 år;Mann;82.9;486;586
2024;Ensjø;60-74 år;Begge kjønn;39.2;375;956
2024;Ensjø;60-74 år;Kvinne;36.0;184;511
2024;Ensjø;60-74 år;Mann;42.9;191;445
2024;Etterstad;Alder i alt;Begge kjønn;71.8;2478;3452
2024;Etterstad;Alder i alt;Kvinne;69.1;1260;1823
2024;Etterstad;Alder i alt;Mann;74.8;1218;1629
2024;Etterstad;15-24 år;Begge kjønn;47.4;165;348
2024;Etterstad;15-24 år;Kvinne;45.5;75;165
2024;Etterstad;15-24 år;Mann;49.2;90;183
2024;Etterstad;25-39 år;Begge kjønn;89.3;1056;1182
2024;Etterstad;25-39 år;Kvinne;87.8;560;638
2024;Etterstad;25-39 år;Mann;91.2;496;544
2024;Etterstad;40-49 år;Begge kjønn;87.2;633;726
2024;Etterstad;40-49 år;Kvinne;86.7;332;383
2024;Etterstad;40-49 år;Mann;87.8;301;343
2024;Etterstad;50-59 år;Begge kjønn;78.1;409;524
2024;Etterstad;50-59 år;Kvinne;74.8;199;266
2024;Etterstad;50-59 år;Mann;81.4;210;258
2024;Etterstad;60-74 år;Begge kjønn;32.0;215;672
2024;Etterstad;60-74 år;Kvinne;25.3;94;371
2024;Etterstad;60-74 år;Mann;40.2;121;301
2024;Grünerløkka vest;Alder i alt;Begge kjønn;72.5;5572;7688
2024;Grünerløkka vest;Alder i alt;Kvinne;71.6;2584;3607
2024;Grünerløkka vest;Alder i alt;Mann;73.2;2988;4081
2024;Grünerløkka vest;15-24 år;Begge kjønn;65.3;870;1332
2024;Grünerløkka vest;15-24 år;Kvinne;66.4;486;732
2024;Grünerløkka vest;15-24 år;Mann;64.0;384;600
2024;Grünerløkka vest;25-39 år;Begge kjønn;80.4;3123;3882
2024;Grünerløkka vest;25-39 år;Kvinne;80.6;1443;1791
2024;Grünerløkka vest;25-39 år;Mann;80.3;1680;2091
2024;Grünerløkka vest;40-49 år;Begge kjønn;74.2;795;1072
2024;Grünerløkka vest;40-49 år;Kvinne;71.3;315;442
2024;Grünerløkka vest;40-49 år;Mann;76.2;480;630
2024;Grünerløkka vest;50-59 år;Begge kjønn;71.2;556;781
2024;Grünerløkka vest;50-59 år;Kvinne;69.5;232;334
2024;Grünerløkka vest;50-59 år;Mann;72.5;324;447
2024;Grünerløkka vest;60-74 år;Begge kjønn;36.7;228;621
2024;Grünerløkka vest;60-74 år;Kvinne;35.1;108;308
2024;Grünerløkka vest;60-74 år;Mann;38.3;120;313
2024;Grünerløkka øst;Alder i alt;Begge kjønn;76.5;3696;4829
2024;Grünerløkka øst;Alder i alt;Kvinne;77.0;1863;2419
2024;Grünerløkka øst;Alder i alt;Mann;76.1;1833;2410
2024;Grünerløkka øst;15-24 år;Begge kjønn;67.3;522;776
2024;Grünerløkka øst;15-24 år;Kvinne;70.0;319;456
2024;Grünerløkka øst;15-24 år;Mann;63.4;203;320
2024;Grünerløkka øst;25-39 år;Begge kjønn;84.5;2199;2603
2024;Grünerløkka øst;25-39 år;Kvinne;85.3;1122;1315
2024;Grünerløkka øst;25-39 år;Mann;83.6;1077;1288
2024;Grünerløkka øst;40-49 år;Begge kjønn;77.6;512;660
2024;Grünerløkka øst;40-49 år;Kvinne;72.5;214;295
2024;Grünerløkka øst;40-49 år;Mann;81.6;298;365
2024;Grünerløkka øst;50-59 år;Begge kjønn;70.6;346;490
2024;Grünerløkka øst;50-59 år;Kvinne;75.2;161;214
2024;Grünerløkka øst;50-59 år;Mann;67.0;185;276
2024;Grünerløkka øst;60-74 år;Begge kjønn;39.0;117;300
2024;Grünerløkka øst;60-74 år;Kvinne;33.8;47;139
2024;Grünerløkka øst;60-74 år;Mann;43.5;70;161
2024;Dælenenga;Alder i alt;Begge kjønn;74.0;3015;4076
2024;Dælenenga;Alder i alt;Kvinne;74.6;1474;1977
2024;Dælenenga;Alder i alt;Mann;73.4;1541;2099
2024;Dælenenga;15-24 år;Begge kjønn;65.5;347;530
2024;Dælenenga;15-24 år;Kvinne;69.0;207;300
2024;Dælenenga;15-24 år;Mann;60.9;140;230
2024;Dælenenga;25-39 år;Begge kjønn;83.5;1867;2236
2024;Dælenenga;25-39 år;Kvinne;83.5;941;1127
2024;Dælenenga;25-39 år;Mann;83.5;926;1109
2024;Dælenenga;40-49 år;Begge kjønn;71.7;398;555
2024;Dælenenga;40-49 år;Kvinne;67.7;159;235
2024;Dælenenga;40-49 år;Mann;74.7;239;320
2024;Dælenenga;50-59 år;Begge kjønn;65.8;273;415
2024;Dælenenga;50-59 år;Kvinne;65.0;104;160
2024;Dælenenga;50-59 år;Mann;66.3;169;255
2024;Dælenenga;60-74 år;Begge kjønn;38.2;130;340
2024;Dælenenga;60-74 år;Kvinne;40.6;63;155
2024;Dælenenga;60-74 år;Mann;36.2;67;185
2024;Rodeløkka;Alder i alt;Begge kjønn;75.8;6172;8147
2024;Rodeløkka;Alder i alt;Kvinne;76.7;3074;4006
2024;Rodeløkka;Alder i alt;Mann;74.8;3098;4141
2024;Rodeløkka;15-24 år;Begge kjønn;62.5;668;1069
2024;Rodeløkka;15-24 år;Kvinne;65.9;388;589
2024;Rodeløkka;15-24 år;Mann;58.3;280;480
2024;Rodeløkka;25-39 år;Begge kjønn;86.2;3588;4163
2024;Rodeløkka;25-39 år;Kvinne;86.7;1820;2099
2024;Rodeløkka;25-39 år;Mann;85.7;1768;2064
2024;Rodeløkka;40-49 år;Begge kjønn;78.5;951;1212
2024;Rodeløkka;40-49 år;Kvinne;78.7;424;539
2024;Rodeløkka;40-49 år;Mann;78.3;527;673
2024;Rodeløkka;50-59 år;Begge kjønn;70.4;634;901
2024;Rodeløkka;50-59 år;Kvinne;72.7;293;403
2024;Rodeløkka;50-59 år;Mann;68.5;341;498
2024;Rodeløkka;60-74 år;Begge kjønn;41.3;331;802
2024;Rodeløkka;60-74 år;Kvinne;39.6;149;376
2024;Rodeløkka;60-74 år;Mann;42.7;182;426
2024;Sinsen;Alder i alt;Begge kjønn;77.5;6465;8342
2024;Sinsen;Alder i alt;Kvinne;78.2;3166;4048
2024;Sinsen;Alder i alt;Mann;76.8;3299;4294
2024;Sinsen;15-24 år;Begge kjønn;64.8;560;864
2024;Sinsen;15-24 år;Kvinne;65.9;340;516
2024;Sinsen;15-24 år;Mann;63.2;220;348
2024;Sinsen;25-39 år;Begge kjønn;86.1;4228;4912
2024;Sinsen;25-39 år;Kvinne;86.4;2109;2441
2024;Sinsen;25-39 år;Mann;85.8;2119;2471
2024;Sinsen;40-49 år;Begge kjønn;76.5;927;1211
2024;Sinsen;40-49 år;Kvinne;77.1;383;497
2024;Sinsen;40-49 år;Mann;76.2;544;714
2024;Sinsen;50-59 år;Begge kjønn;71.0;539;759
2024;Sinsen;50-59 år;Kvinne;72.0;232;322
2024;Sinsen;50-59 år;Mann;70.3;307;437
2024;Sinsen;60-74 år;Begge kjønn;35.4;211;596
2024;Sinsen;60-74 år;Kvinne;37.5;102;272
2024;Sinsen;60-74 år;Mann;33.6;109;324
2024;Sofienberg;Alder i alt;Begge kjønn;78.4;6726;8574
2024;Sofienberg;Alder i alt;Kvinne;79.5;3351;4217
2024;Sofienberg;Alder i alt;Mann;77.5;3375;4357
2024;Sofienberg;15-24 år;Begge kjønn;69.6;622;894
2024;Sofienberg;15-24 år;Kvinne;72.8;369;507
2024;Sofienberg;15-24 år;Mann;65.4;253;387
2024;Sofienberg;25-39 år;Begge kjønn;86.8;4286;4938
2024;Sofienberg;25-39 år;Kvinne;87.6;2171;2477
2024;Sofienberg;25-39 år;Mann;85.9;2115;2461
2024;Sofienberg;40-49 år;Begge kjønn;78.7;994;1263
2024;Sofienberg;40-49 år;Kvinne;80.0;433;541
2024;Sofienberg;40-49 år;Mann;77.7;561;722
2024;Sofienberg;50-59 år;Begge kjønn;68.8;572;832
2024;Sofienberg;50-59 år;Kvinne;72.4;265;366
2024;Sofienberg;50-59 år;Mann;65.9;307;466
2024;Sofienberg;60-74 år;Begge kjønn;38.9;252;647
2024;Sofienberg;60-74 år;Kvinne;34.7;113;326
2024;Sofienberg;60-74 år;Mann;43.3;139;321
2024;Løren;Alder i alt;Begge kjønn;78.9;8254;10457
2024;Løren;Alder i alt;Kvinne;77.9;4052;5199
2024;Løren;Alder i alt;Mann;79.9;4202;5258
2024;Løren;15-24 år;Begge kjønn;56.1;627;1117
2024;Løren;15-24 år;Kvinne;61.6;363;589
2024;Løren;15-24 år;Mann;50.0;264;528
2024;Løren;25-39 år;Begge kjønn;89.1;4908;5509
2024;Løren;25-39 år;Kvinne;88.4;2453;2776
2024;Løren;25-39 år;Mann;89.8;2455;2733
2024;Løren;40-49 år;Begge kjønn;84.3;1479;1754
2024;Løren;40-49 år;Kvinne;82.9;681;821
2024;Løren;40-49 år;Mann;85.5;798;933
2024;Løren;50-59 år;Begge kjønn;79.0;834;1056
2024;Løren;50-59 år;Kvinne;76.5;385;503
2024;Løren;50-59 år;Mann;81.2;449;553
2024;Løren;60-74 år;Begge kjønn;39.8;406;1021
2024;Løren;60-74 år;Kvinne;33.3;170;510
2024;Løren;60-74 år;Mann;46.2;236;511
2024;Hasle;Alder i alt;Begge kjønn;79.5;3779;4754
2024;Hasle;Alder i alt;Kvinne;78.4;1935;2468
2024;Hasle;Alder i alt;Mann;80.7;1844;2286
2024;Hasle;15-24 år;Begge kjønn;45.8;231;504
2024;Hasle;15-24 år;Kvinne;51.6;126;244
2024;Hasle;15-24 år;Mann;40.4;105;260
2024;Hasle;25-39 år;Begge kjønn;90.2;1688;1872
2024;Hasle;25-39 år;Kvinne;90.0;869;966
2024;Hasle;25-39 år;Mann;90.4;819;906
2024;Hasle;40-49 år;Begge kjønn;91.2;997;1093
2024;Hasle;40-49 år;Kvinne;90.4;506;560
2024;Hasle;40-49 år;Mann;92.1;491;533
2024;Hasle;50-59 år;Begge kjønn;85.1;632;743
2024;Hasle;50-59 år;Kvinne;83.2;321;386
2024;Hasle;50-59 år;Mann;87.1;311;357
2024;Hasle;60-74 år;Begge kjønn;42.6;231;542
2024;Hasle;60-74 år;Kvinne;36.2;113;312
2024;Hasle;60-74 år;Mann;51.3;118;230
2024;Iladalen;Alder i alt;Begge kjønn;80.4;6236;7757
2024;Iladalen;Alder i alt;Kvinne;81.7;3195;3912
2024;Iladalen;Alder i alt;Mann;79.1;3041;3845
2024;Iladalen;15-24 år;Begge kjønn;69.1;559;809
2024;Iladalen;15-24 år;Kvinne;72.3;329;455
2024;Iladalen;15-24 år;Mann;65.0;230;354
2024;Iladalen;25-39 år;Begge kjønn;89.1;4132;4635
2024;Iladalen;25-39 år;Kvinne;90.1;2147;2384
2024;Iladalen;25-39 år;Mann;88.2;1985;2251
2024;Iladalen;40-49 år;Begge kjønn;81.1;851;1049
2024;Iladalen;40-49 år;Kvinne;81.9;384;469
2024;Iladalen;40-49 år;Mann;80.5;467;580
2024;Iladalen;50-59 år;Begge kjønn;69.8;464;665
2024;Iladalen;50-59 år;Kvinne;70.2;221;315
2024;Iladalen;50-59 år;Mann;69.4;243;350
2024;Iladalen;60-74 år;Begge kjønn;38.4;230;599
2024;Iladalen;60-74 år;Kvinne;39.4;114;289
2024;Iladalen;60-74 år;Mann;37.4;116;310
2024;Sagene;Alder i alt;Begge kjønn;78.8;4099;5200
2024;Sagene;Alder i alt;Kvinne;78.3;2216;2830
2024;Sagene;Alder i alt;Mann;79.5;1883;2370
2024;Sagene;15-24 år;Begge kjønn;59.5;340;571
2024;Sagene;15-24 år;Kvinne;62.0;199;321
2024;Sagene;15-24 år;Mann;56.4;141;250
2024;Sagene;25-39 år;Begge kjønn;89.5;2559;2858
2024;Sagene;25-39 år;Kvinne;89.8;1408;1568
2024;Sagene;25-39 år;Mann;89.2;1151;1290
2024;Sagene;40-49 år;Begge kjønn;78.2;595;761
2024;Sagene;40-49 år;Kvinne;75.9;309;407
2024;Sagene;40-49 år;Mann;80.8;286;354
2024;Sagene;50-59 år;Begge kjønn;78.7;420;534
2024;Sagene;50-59 år;Kvinne;78.5;219;279
2024;Sagene;50-59 år;Mann;78.8;201;255
2024;Sagene;60-74 år;Begge kjønn;38.9;185;476
2024;Sagene;60-74 år;Kvinne;31.8;81;255
2024;Sagene;60-74 år;Mann;47.1;104;221
2024;Bjølsen;Alder i alt;Begge kjønn;74.2;4978;6707
2024;Bjølsen;Alder i alt;Kvinne;74.9;2626;3507
2024;Bjølsen;Alder i alt;Mann;73.5;2352;3200
2024;Bjølsen;15-24 år;Begge kjønn;59.2;537;907
2024;Bjølsen;15-24 år;Kvinne;60.7;309;509
2024;Bjølsen;15-24 år;Mann;57.3;228;398
2024;Bjølsen;25-39 år;Begge kjønn;84.2;3032;3599
2024;Bjølsen;25-39 år;Kvinne;84.4;1626;1926
2024;Bjølsen;25-39 år;Mann;84.0;1406;1673
2024;Bjølsen;40-49 år;Begge kjønn;80.0;748;935
2024;Bjølsen;40-49 år;Kvinne;80.8;365;452
2024;Bjølsen;40-49 år;Mann;79.3;383;483
2024;Bjølsen;50-59 år;Begge kjønn;70.5;452;641
2024;Bjølsen;50-59 år;Kvinne;73.9;218;295
2024;Bjølsen;50-59 år;Mann;67.6;234;346
2024;Bjølsen;60-74 år;Begge kjønn;33.4;209;625
2024;Bjølsen;60-74 år;Kvinne;33.2;108;325
2024;Bjølsen;60-74 år;Mann;33.7;101;300
2024;Sandaker;Alder i alt;Begge kjønn;78.5;9004;11474
2024;Sandaker;Alder i alt;Kvinne;77.5;4520;5829
2024;Sandaker;Alder i alt;Mann;79.4;4484;5645
2024;Sandaker;15-24 år;Begge kjønn;65.7;763;1161
2024;Sandaker;15-24 år;Kvinne;67.8;449;662
2024;Sandaker;15-24 år;Mann;62.9;314;499
2024;Sandaker;25-39 år;Begge kjønn;89.6;5621;6270
2024;Sandaker;25-39 år;Kvinne;89.0;2843;3194
2024;Sandaker;25-39 år;Mann;90.3;2778;3076
2024;Sandaker;40-49 år;Begge kjønn;80.0;1340;1674
2024;Sandaker;40-49 år;Kvinne;79.6;612;769
2024;Sandaker;40-49 år;Mann;80.4;728;905
2024;Sandaker;50-59 år;Begge kjønn;73.5;801;1090
2024;Sandaker;50-59 år;Kvinne;73.2;393;537
2024;Sandaker;50-59 år;Mann;73.8;408;553
2024;Sandaker;60-74 år;Begge kjønn;37.5;479;1279
2024;Sandaker;60-74 år;Kvinne;33.4;223;667
2024;Sandaker;60-74 år;Mann;41.8;256;612
2024;Torshov;Alder i alt;Begge kjønn;74.2;6890;9281
2024;Torshov;Alder i alt;Kvinne;76.3;3527;4621
2024;Torshov;Alder i alt;Mann;72.2;3363;4660
2024;Torshov;15-24 år;Begge kjønn;56.4;575;1020
2024;Torshov;15-24 år;Kvinne;60.4;327;541
2024;Torshov;15-24 år;Mann;51.8;248;479
2024;Torshov;25-39 år;Begge kjønn;87.3;3915;4487
2024;Torshov;25-39 år;Kvinne;89.1;2007;2253
2024;Torshov;25-39 år;Mann;85.4;1908;2234
2024;Torshov;40-49 år;Begge kjønn;76.9;1169;1521
2024;Torshov;40-49 år;Kvinne;81.2;566;697
2024;Torshov;40-49 år;Mann;73.2;603;824
2024;Torshov;50-59 år;Begge kjønn;70.6;851;1205
2024;Torshov;50-59 år;Kvinne;75.1;443;590
2024;Torshov;50-59 år;Mann;66.3;408;615
2024;Torshov;60-74 år;Begge kjønn;36.3;380;1048
2024;Torshov;60-74 år;Kvinne;34.1;184;540
2024;Torshov;60-74 år;Mann;38.6;196;508
2024;Hammersborg;Alder i alt;Begge kjønn;75.8;5932;7821
2024;Hammersborg;Alder i alt;Kvinne;76.7;2660;3466
2024;Hammersborg;Alder i alt;Mann;75.1;3272;4355
2024;Hammersborg;15-24 år;Begge kjønn;70.0;790;1129
2024;Hammersborg;15-24 år;Kvinne;71.7;457;637
2024;Hammersborg;15-24 år;Mann;67.7;333;492
2024;Hammersborg;25-39 år;Begge kjønn;82.1;3542;4316
2024;Hammersborg;25-39 år;Kvinne;83.4;1592;1910
2024;Hammersborg;25-39 år;Mann;81.0;1950;2406
2024;Hammersborg;40-49 år;Begge kjønn;78.0;768;985
2024;Hammersborg;40-49 år;Kvinne;79.7;274;344
2024;Hammersborg;40-49 år;Mann;77.1;494;641
2024;Hammersborg;50-59 år;Begge kjønn;72.0;572;794
2024;Hammersborg;50-59 år;Kvinne;72.5;237;327
2024;Hammersborg;50-59 år;Mann;71.7;335;467
2024;Hammersborg;60-74 år;Begge kjønn;43.6;260;597
2024;Hammersborg;60-74 år;Kvinne;40.3;100;248
2024;Hammersborg;60-74 år;Mann;45.8;160;349
2024;Bislett;Alder i alt;Begge kjønn;79.5;6719;8455
2024;Bislett;Alder i alt;Kvinne;79.7;3409;4279
2024;Bislett;Alder i alt;Mann;79.3;3310;4176
2024;Bislett;15-24 år;Begge kjønn;69.9;863;1235
2024;Bislett;15-24 år;Kvinne;70.8;521;736
2024;Bislett;15-24 år;Mann;68.5;342;499
2024;Bislett;25-39 år;Begge kjønn;85.7;3906;4559
2024;Bislett;25-39 år;Kvinne;85.7;1968;2296
2024;Bislett;25-39 år;Mann;85.6;1938;2263
2024;Bislett;40-49 år;Begge kjønn;79.8;862;1080
2024;Bislett;40-49 år;Kvinne;81.7;397;486
2024;Bislett;40-49 år;Mann;78.3;465;594
2024;Bislett;50-59 år;Begge kjønn;80.7;722;895
2024;Bislett;50-59 år;Kvinne;81.9;353;431
2024;Bislett;50-59 år;Mann;79.5;369;464
2024;Bislett;60-74 år;Begge kjønn;53.4;366;686
2024;Bislett;60-74 år;Kvinne;51.5;170;330
2024;Bislett;60-74 år;Mann;55.1;196;356
2024;Ila;Alder i alt;Begge kjønn;78.1;6344;8125
2024;Ila;Alder i alt;Kvinne;78.3;3259;4163
2024;Ila;Alder i alt;Mann;77.9;3085;3962
2024;Ila;15-24 år;Begge kjønn;65.1;741;1139
2024;Ila;15-24 år;Kvinne;67.6;475;703
2024;Ila;15-24 år;Mann;61.0;266;436
2024;Ila;25-39 år;Begge kjønn;86.6;3896;4497
2024;Ila;25-39 år;Kvinne;86.6;1997;2306
2024;Ila;25-39 år;Mann;86.7;1899;2191
2024;Ila;40-49 år;Begge kjønn;80.7;776;961
2024;Ila;40-49 år;Kvinne;81.0;342;422
2024;Ila;40-49 år;Mann;80.5;434;539
2024;Ila;50-59 år;Begge kjønn;77.2;623;807
2024;Ila;50-59 år;Kvinne;76.8;288;375
2024;Ila;50-59 år;Mann;77.5;335;432
2024;Ila;60-74 år;Begge kjønn;42.7;308;721
2024;Ila;60-74 år;Kvinne;44.0;157;357
2024;Ila;60-74 år;Mann;41.5;151;364
2024;Fagerborg;Alder i alt;Begge kjønn;78.6;3546;4513
2024;Fagerborg;Alder i alt;Kvinne;78.2;1827;2337
2024;Fagerborg;Alder i alt;Mann;79.0;1719;2176
2024;Fagerborg;15-24 år;Begge kjønn;62.0;375;605
2024;Fagerborg;15-24 år;Kvinne;63.1;214;339
2024;Fagerborg;15-24 år;Mann;60.5;161;266
2024;Fagerborg;25-39 år;Begge kjønn;86.3;1805;2092
2024;Fagerborg;25-39 år;Kvinne;87.2;932;1069
2024;Fagerborg;25-39 år;Mann;85.3;873;1023
2024;Fagerborg;40-49 år;Begge kjønn;85.8;542;632
2024;Fagerborg;40-49 år;Kvinne;86.9;272;313
2024;Fagerborg;40-49 år;Mann;84.6;270;319
2024;Fagerborg;50-59 år;Begge kjønn;83.7;514;614
2024;Fagerborg;50-59 år;Kvinne;83.6;255;305
2024;Fagerborg;50-59 år;Mann;83.8;259;309
2024;Fagerborg;60-74 år;Begge kjønn;54.4;310;570
2024;Fagerborg;60-74 år;Kvinne;49.5;154;311
2024;Fagerborg;60-74 år;Mann;60.2;156;259
2024;Lindern;Alder i alt;Begge kjønn;70.4;3910;5557
2024;Lindern;Alder i alt;Kvinne;69.9;1956;2797
2024;Lindern;Alder i alt;Mann;70.8;1954;2760
2024;Lindern;15-24 år;Begge kjønn;55.4;490;885
2024;Lindern;15-24 år;Kvinne;59.7;292;489
2024;Lindern;15-24 år;Mann;50.0;198;396
2024;Lindern;25-39 år;Begge kjønn;81.0;1844;2277
2024;Lindern;25-39 år;Kvinne;80.1;896;1119
2024;Lindern;25-39 år;Mann;81.9;948;1158
2024;Lindern;40-49 år;Begge kjønn;77.2;675;874
2024;Lindern;40-49 år;Kvinne;79.4;324;408
2024;Lindern;40-49 år;Mann;75.3;351;466
2024;Lindern;50-59 år;Begge kjønn;75.2;546;726
2024;Lindern;50-59 år;Kvinne;75.0;258;344
2024;Lindern;50-59 år;Mann;75.4;288;382
2024;Lindern;60-74 år;Begge kjønn;44.7;355;795
2024;Lindern;60-74 år;Kvinne;42.6;186;437
2024;Lindern;60-74 år;Mann;47.2;169;358
2024;Bygdøy;Alder i alt;Begge kjønn;64.5;1755;2721
2024;Bygdøy;Alder i alt;Kvinne;61.8;853;1381
2024;Bygdøy;Alder i alt;Mann;67.3;902;1340
2024;Bygdøy;15-24 år;Begge kjønn;38.9;190;488
2024;Bygdøy;15-24 år;Kvinne;35.7;89;249
2024;Bygdøy;15-24 år;Mann;42.3;101;239
2024;Bygdøy;25-39 år;Begge kjønn;71.8;400;557
2024;Bygdøy;25-39 år;Kvinne;71.4;217;304
2024;Bygdøy;25-39 år;Mann;72.3;183;253
2024;Bygdøy;40-49 år;Begge kjønn;81.8;381;466
2024;Bygdøy;40-49 år;Kvinne;79.0;192;243
2024;Bygdøy;40-49 år;Mann;84.8;189;223
2024;Bygdøy;50-59 år;Begge kjønn;79.8;442;554
2024;Bygdøy;50-59 år;Kvinne;80.2;219;273
2024;Bygdøy;50-59 år;Mann;79.4;223;281
2024;Bygdøy;60-74 år;Begge kjønn;52.1;342;656
2024;Bygdøy;60-74 år;Kvinne;43.6;136;312
2024;Bygdøy;60-74 år;Mann;59.9;206;344
2024;Frogner;Alder i alt;Begge kjønn;72.1;4089;5675
2024;Frogner;Alder i alt;Kvinne;69.9;2024;2897
2024;Frogner;Alder i alt;Mann;74.3;2065;2778
2024;Frogner;15-24 år;Begge kjønn;59.4;400;673
2024;Frogner;15-24 år;Kvinne;61.9;231;373
2024;Frogner;15-24 år;Mann;56.3;169;300
2024;Frogner;25-39 år;Begge kjønn;82.7;1896;2294
2024;Frogner;25-39 år;Kvinne;80.9;934;1155
2024;Frogner;25-39 år;Mann;84.5;962;1139
2024;Frogner;40-49 år;Begge kjønn;77.5;557;719
2024;Frogner;40-49 år;Kvinne;75.4;260;345
2024;Frogner;40-49 år;Mann;79.4;297;374
2024;Frogner;50-59 år;Begge kjønn;77.1;642;833
2024;Frogner;50-59 år;Kvinne;75.8;329;434
2024;Frogner;50-59 år;Mann;78.4;313;399
2024;Frogner;60-74 år;Begge kjønn;51.4;594;1156
2024;Frogner;60-74 år;Kvinne;45.8;270;590
2024;Frogner;60-74 år;Mann;57.2;324;566
2024;Frognerparken;Alder i alt;Begge kjønn;73.5;4230;5753
2024;Frognerparken;Alder i alt;Kvinne;71.5;2156;3017
2024;Frognerparken;Alder i alt;Mann;75.8;2074;2736
2024;Frognerparken;15-24 år;Begge kjønn;60.2;456;757
2024;Frognerparken;15-24 år;Kvinne;61.0;272;446
2024;Frognerparken;15-24 år;Mann;59.2;184;311
2024;Frognerparken;25-39 år;Begge kjønn;84.2;1944;2309
2024;Frognerparken;25-39 år;Kvinne;81.9;980;1197
2024;Frognerparken;25-39 år;Mann;86.7;964;1112
2024;Frognerparken;40-49 år;Begge kjønn;79.5;622;782
2024;Frognerparken;40-49 år;Kvinne;80.2;307;383
2024;Frognerparken;40-49 år;Mann;78.9;315;399
2024;Frognerparken;50-59 år;Begge kjønn;76.8;660;859
2024;Frognerparken;50-59 år;Kvinne;75.5;336;445
2024;Frognerparken;50-59 år;Mann;78.3;324;414
2024;Frognerparken;60-74 år;Begge kjønn;52.4;548;1046
2024;Frognerparken;60-74 år;Kvinne;47.8;261;546
2024;Frognerparken;60-74 år;Mann;57.4;287;500
2024;Majorstuen nord;Alder i alt;Begge kjønn;73.6;3425;4656
2024;Majorstuen nord;Alder i alt;Kvinne;71.9;1699;2364
2024;Majorstuen nord;Alder i alt;Mann;75.3;1726;2292
2024;Majorstuen nord;15-24 år;Begge kjønn;62.9;431;685
2024;Majorstuen nord;15-24 år;Kvinne;67.1;243;362
2024;Majorstuen nord;15-24 år;Mann;58.2;188;323
2024;Majorstuen nord;25-39 år;Begge kjønn;85.2;1776;2085
2024;Majorstuen nord;25-39 år;Kvinne;83.8;857;1023
2024;Majorstuen nord;25-39 år;Mann;86.5;919;1062
2024;Majorstuen nord;40-49 år;Begge kjønn;77.6;460;593
2024;Majorstuen nord;40-49 år;Kvinne;76.1;220;289
2024;Majorstuen nord;40-49 år;Mann;78.9;240;304
2024;Majorstuen nord;50-59 år;Begge kjønn;74.6;397;532
2024;Majorstuen nord;50-59 år;Kvinne;74.5;199;267
2024;Majorstuen nord;50-59 år;Mann;74.7;198;265
2024;Majorstuen nord;60-74 år;Begge kjønn;47.4;361;761
2024;Majorstuen nord;60-74 år;Kvinne;42.6;180;423
2024;Majorstuen nord;60-74 år;Mann;53.6;181;338
2024;Majorstuen syd;Alder i alt;Begge kjønn;76.4;6067;7938
2024;Majorstuen syd;Alder i alt;Kvinne;77.2;3089;4001
2024;Majorstuen syd;Alder i alt;Mann;75.6;2978;3937
2024;Majorstuen syd;15-24 år;Begge kjønn;66.5;720;1083
2024;Majorstuen syd;15-24 år;Kvinne;68.6;423;617
2024;Majorstuen syd;15-24 år;Mann;63.7;297;466
2024;Majorstuen syd;25-39 år;Begge kjønn;84.8;3296;3888
2024;Majorstuen syd;25-39 år;Kvinne;85.1;1665;1957
2024;Majorstuen syd;25-39 år;Mann;84.5;1631;1931
2024;Majorstuen syd;40-49 år;Begge kjønn;75.5;735;973
2024;Majorstuen syd;40-49 år;Kvinne;78.1;339;434
2024;Majorstuen syd;40-49 år;Mann;73.5;396;539
2024;Majorstuen syd;50-59 år;Begge kjønn;79.2;790;997
2024;Majorstuen syd;50-59 år;Kvinne;81.4;386;474
2024;Majorstuen syd;50-59 år;Mann;77.2;404;523
2024;Majorstuen syd;60-74 år;Begge kjønn;52.8;526;997
2024;Majorstuen syd;60-74 år;Kvinne;53.2;276;519
2024;Majorstuen syd;60-74 år;Mann;52.3;250;478
2024;Homansbyen;Alder i alt;Begge kjønn;74.5;6988;9382
2024;Homansbyen;Alder i alt;Kvinne;73.7;3495;4743
2024;Homansbyen;Alder i alt;Mann;75.3;3493;4639
2024;Homansbyen;15-24 år;Begge kjønn;69.0;971;1408
2024;Homansbyen;15-24 år;Kvinne;70.9;596;841
2024;Homansbyen;15-24 år;Mann;66.1;375;567
2024;Homansbyen;25-39 år;Begge kjønn;83.6;4158;4973
2024;Homansbyen;25-39 år;Kvinne;83.7;2070;2474
2024;Homansbyen;25-39 år;Mann;83.6;2088;2499
2024;Homansbyen;40-49 år;Begge kjønn;69.4;752;1084
2024;Homansbyen;40-49 år;Kvinne;65.9;319;484
2024;Homansbyen;40-49 år;Mann;72.2;433;600
2024;Homansbyen;50-59 år;Begge kjønn;69.8;675;967
2024;Homansbyen;50-59 år;Kvinne;67.1;302;450
2024;Homansbyen;50-59 år;Mann;72.1;373;517
2024;Homansbyen;60-74 år;Begge kjønn;45.5;432;950
2024;Homansbyen;60-74 år;Kvinne;42.1;208;494
2024;Homansbyen;60-74 år;Mann;49.1;224;456
2024;Uranienborg;Alder i alt;Begge kjønn;73.0;4717;6465
2024;Uranienborg;Alder i alt;Kvinne;72.4;2378;3283
2024;Uranienborg;Alder i alt;Mann;73.5;2339;3182
2024;Uranienborg;15-24 år;Begge kjønn;59.5;569;957
2024;Uranienborg;15-24 år;Kvinne;58.9;304;516
2024;Uranienborg;15-24 år;Mann;60.1;265;441
2024;Uranienborg;25-39 år;Begge kjønn;82.3;2184;2654
2024;Uranienborg;25-39 år;Kvinne;83.1;1133;1363
2024;Uranienborg;25-39 år;Mann;81.4;1051;1291
2024;Uranienborg;40-49 år;Begge kjønn;75.4;683;906
2024;Uranienborg;40-49 år;Kvinne;75.7;311;411
2024;Uranienborg;40-49 år;Mann;75.2;372;495
2024;Uranienborg;50-59 år;Begge kjønn;78.3;803;1026
2024;Uranienborg;50-59 år;Kvinne;77.8;407;523
2024;Uranienborg;50-59 år;Mann;78.7;396;503
2024;Uranienborg;60-74 år;Begge kjønn;51.8;478;922
2024;Uranienborg;60-74 år;Kvinne;47.4;223;470
2024;Uranienborg;60-74 år;Mann;56.4;255;452
2024;Skillebekk;Alder i alt;Begge kjønn;72.3;5749;7952
2024;Skillebekk;Alder i alt;Kvinne;71.1;2679;3767
2024;Skillebekk;Alder i alt;Mann;73.4;3070;4185
2024;Skillebekk;15-24 år;Begge kjønn;59.6;592;993
2024;Skillebekk;15-24 år;Kvinne;61.0;310;508
2024;Skillebekk;15-24 år;Mann;58.1;282;485
2024;Skillebekk;25-39 år;Begge kjønn;82.7;2740;3315
2024;Skillebekk;25-39 år;Kvinne;82.8;1290;1558
2024;Skillebekk;25-39 år;Mann;82.5;1450;1757
2024;Skillebekk;40-49 år;Begge kjønn;75.3;829;1101
2024;Skillebekk;40-49 år;Kvinne;75.7;367;485
2024;Skillebekk;40-49 år;Mann;75.0;462;616
2024;Skillebekk;50-59 år;Begge kjønn;76.1;910;1196
2024;Skillebekk;50-59 år;Kvinne;74.6;417;559
2024;Skillebekk;50-59 år;Mann;77.4;493;637
2024;Skillebekk;60-74 år;Begge kjønn;50.3;678;1347
2024;Skillebekk;60-74 år;Kvinne;44.9;295;657
2024;Skillebekk;60-74 år;Mann;55.5;383;690
2024;Ullernåsen;Alder i alt;Begge kjønn;71.3;3451;4837
2024;Ullernåsen;Alder i alt;Kvinne;69.3;1739;2510
2024;Ullernåsen;Alder i alt;Mann;73.6;1712;2327
2024;Ullernåsen;15-24 år;Begge kjønn;46.3;318;687
2024;Ullernåsen;15-24 år;Kvinne;53.0;187;353
2024;Ullernåsen;15-24 år;Mann;39.2;131;334
2024;Ullernåsen;25-39 år;Begge kjønn;84.2;1026;1218
2024;Ullernåsen;25-39 år;Kvinne;82.3;522;634
2024;Ullernåsen;25-39 år;Mann;86.3;504;584
2024;Ullernåsen;40-49 år;Begge kjønn;87.7;802;914
2024;Ullernåsen;40-49 år;Kvinne;88.6;403;455
2024;Ullernåsen;40-49 år;Mann;86.9;399;459
2024;Ullernåsen;50-59 år;Begge kjønn;88.6;726;819
2024;Ullernåsen;50-59 år;Kvinne;86.9;364;419
2024;Ullernåsen;50-59 år;Mann;90.5;362;400
2024;Ullernåsen;60-74 år;Begge kjønn;48.3;579;1199
2024;Ullernåsen;60-74 år;Kvinne;40.5;263;649
2024;Ullernåsen;60-74 år;Mann;57.5;316;550
2024;Lilleaker;Alder i alt;Begge kjønn;72.2;3058;4234
2024;Lilleaker;Alder i alt;Kvinne;71.8;1536;2138
2024;Lilleaker;Alder i alt;Mann;72.6;1522;2096
2024;Lilleaker;15-24 år;Begge kjønn;45.6;303;665
2024;Lilleaker;15-24 år;Kvinne;48.9;152;311
2024;Lilleaker;15-24 år;Mann;42.7;151;354
2024;Lilleaker;25-39 år;Begge kjønn;85.4;1009;1181
2024;Lilleaker;25-39 år;Kvinne;84.1;525;624
2024;Lilleaker;25-39 år;Mann;86.9;484;557
2024;Lilleaker;40-49 år;Begge kjønn;83.8;710;847
2024;Lilleaker;40-49 år;Kvinne;83.4;347;416
2024;Lilleaker;40-49 år;Mann;84.2;363;431
2024;Lilleaker;50-59 år;Begge kjønn;84.9;625;736
2024;Lilleaker;50-59 år;Kvinne;86.1;315;366
2024;Lilleaker;50-59 år;Mann;83.8;310;370
2024;Lilleaker;60-74 år;Begge kjønn;51.1;411;805
2024;Lilleaker;60-74 år;Kvinne;46.8;197;421
2024;Lilleaker;60-74 år;Mann;55.7;214;384
2024;Ullern;Alder i alt;Begge kjønn;70.0;3005;4293
2024;Ullern;Alder i alt;Kvinne;69.7;1479;2122
2024;Ullern;Alder i alt;Mann;70.3;1526;2171
2024;Ullern;15-24 år;Begge kjønn;43.5;288;662
2024;Ullern;15-24 år;Kvinne;46.2;152;329
2024;Ullern;15-24 år;Mann;40.8;136;333
2024;Ullern;25-39 år;Begge kjønn;81.6;928;1137
2024;Ullern;25-39 år;Kvinne;82.4;460;558
2024;Ullern;25-39 år;Mann;80.8;468;579
2024;Ullern;40-49 år;Begge kjønn;84.3;749;889
2024;Ullern;40-49 år;Kvinne;83.8;356;425
2024;Ullern;40-49 år;Mann;84.7;393;464
2024;Ullern;50-59 år;Begge kjønn;84.5;630;746
2024;Ullern;50-59 år;Kvinne;85.4;303;355
2024;Ullern;50-59 år;Mann;83.6;327;391
2024;Ullern;60-74 år;Begge kjønn;47.7;410;859
2024;Ullern;60-74 år;Kvinne;45.7;208;455
2024;Ullern;60-74 år;Mann;50.0;202;404
2024;Montebello-Hoff;Alder i alt;Begge kjønn;73.2;4579;6256
2024;Montebello-Hoff;Alder i alt;Kvinne;72.4;2273;3140
2024;Montebello-Hoff;Alder i alt;Mann;74.0;2306;3116
2024;Montebello-Hoff;15-24 år;Begge kjønn;48.7;400;821
2024;Montebello-Hoff;15-24 år;Kvinne;51.9;208;401
2024;Montebello-Hoff;15-24 år;Mann;45.7;192;420
2024;Montebello-Hoff;25-39 år;Begge kjønn;85.2;1715;2013
2024;Montebello-Hoff;25-39 år;Kvinne;85.1;834;980
2024;Montebello-Hoff;25-39 år;Mann;85.3;881;1033
2024;Montebello-Hoff;40-49 år;Begge kjønn;84.5;913;1080
2024;Montebello-Hoff;40-49 år;Kvinne;82.7;444;537
2024;Montebello-Hoff;40-49 år;Mann;86.4;469;543
2024;Montebello-Hoff;50-59 år;Begge kjønn;84.1;870;1034
2024;Montebello-Hoff;50-59 år;Kvinne;85.4;451;528
2024;Montebello-Hoff;50-59 år;Mann;82.8;419;506
2024;Montebello-Hoff;60-74 år;Begge kjønn;52.1;681;1308
2024;Montebello-Hoff;60-74 år;Kvinne;48.4;336;694
2024;Montebello-Hoff;60-74 år;Mann;56.2;345;614
2024;Skøyen;Alder i alt;Begge kjønn;71.6;4517;6312
2024;Skøyen;Alder i alt;Kvinne;69.7;2293;3291
2024;Skøyen;Alder i alt;Mann;73.6;2224;3021
2024;Skøyen;15-24 år;Begge kjønn;42.6;405;950
2024;Skøyen;15-24 år;Kvinne;42.6;206;484
2024;Skøyen;15-24 år;Mann;42.7;199;466
2024;Skøyen;25-39 år;Begge kjønn;84.2;1511;1794
2024;Skøyen;25-39 år;Kvinne;84.6;780;922
2024;Skøyen;25-39 år;Mann;83.8;731;872
2024;Skøyen;40-49 år;Begge kjønn;85.2;936;1098
2024;Skøyen;40-49 år;Kvinne;82.5;468;567
2024;Skøyen;40-49 år;Mann;88.1;468;531
2024;Skøyen;50-59 år;Begge kjønn;88.1;965;1095
2024;Skøyen;50-59 år;Kvinne;87.6;501;572
2024;Skøyen;50-59 år;Mann;88.7;464;523
2024;Skøyen;60-74 år;Begge kjønn;50.9;700;1375
2024;Skøyen;60-74 år;Kvinne;45.3;338;746
2024;Skøyen;60-74 år;Mann;57.6;362;629
2024;Røa;Alder i alt;Begge kjønn;73.2;5866;8017
2024;Røa;Alder i alt;Kvinne;72.2;2922;4047
2024;Røa;Alder i alt;Mann;74.2;2944;3970
2024;Røa;15-24 år;Begge kjønn;44.0;606;1376
2024;Røa;15-24 år;Kvinne;44.3;302;681
2024;Røa;15-24 år;Mann;43.7;304;695
2024;Røa;25-39 år;Begge kjønn;84.7;1828;2158
2024;Røa;25-39 år;Kvinne;84.4;930;1102
2024;Røa;25-39 år;Mann;85.0;898;1056
2024;Røa;40-49 år;Begge kjønn;88.1;1396;1584
2024;Røa;40-49 år;Kvinne;88.4;707;800
2024;Røa;40-49 år;Mann;87.9;689;784
2024;Røa;50-59 år;Begge kjønn;88.6;1287;1452
2024;Røa;50-59 år;Kvinne;89.1;639;717
2024;Røa;50-59 år;Mann;88.2;648;735
2024;Røa;60-74 år;Begge kjønn;51.8;749;1447
2024;Røa;60-74 år;Kvinne;46.1;344;747
2024;Røa;60-74 år;Mann;57.9;405;700
2024;Holmenkollen;Alder i alt;Begge kjønn;70.7;4773;6750
2024;Holmenkollen;Alder i alt;Kvinne;70.1;2415;3446
2024;Holmenkollen;Alder i alt;Mann;71.4;2358;3304
2024;Holmenkollen;15-24 år;Begge kjønn;42.7;445;1042
2024;Holmenkollen;15-24 år;Kvinne;48.5;251;518
2024;Holmenkollen;15-24 år;Mann;37.0;194;524
2024;Holmenkollen;25-39 år;Begge kjønn;83.5;1263;1512
2024;Holmenkollen;25-39 år;Kvinne;83.0;667;804
2024;Holmenkollen;25-39 år;Mann;84.2;596;708
2024;Holmenkollen;40-49 år;Begge kjønn;87.8;1178;1341
2024;Holmenkollen;40-49 år;Kvinne;87.0;581;668
2024;Holmenkollen;40-49 år;Mann;88.7;597;673
2024;Holmenkollen;50-59 år;Begge kjønn;85.7;1068;1246
2024;Holmenkollen;50-59 år;Kvinne;86.4;547;633
2024;Holmenkollen;50-59 år;Mann;85.0;521;613
2024;Holmenkollen;60-74 år;Begge kjønn;50.9;819;1609
2024;Holmenkollen;60-74 år;Kvinne;44.8;369;823
2024;Holmenkollen;60-74 år;Mann;57.3;450;786
2024;Hovseter;Alder i alt;Begge kjønn;71.0;3869;5446
2024;Hovseter;Alder i alt;Kvinne;68.8;1972;2866
2024;Hovseter;Alder i alt;Mann;73.5;1897;2580
2024;Hovseter;15-24 år;Begge kjønn;40.6;324;799
2024;Hovseter;15-24 år;Kvinne;41.3;173;419
2024;Hovseter;15-24 år;Mann;39.7;151;380
2024;Hovseter;25-39 år;Begge kjønn;84.8;1487;1754
2024;Hovseter;25-39 år;Kvinne;84.5;741;877
2024;Hovseter;25-39 år;Mann;85.1;746;877
2024;Hovseter;40-49 år;Begge kjønn;86.4;952;1102
2024;Hovseter;40-49 år;Kvinne;85.4;497;582
2024;Hovseter;40-49 år;Mann;87.5;455;520
2024;Hovseter;50-59 år;Begge kjønn;80.7;716;887
2024;Hovseter;50-59 år;Kvinne;78.4;360;459
2024;Hovseter;50-59 år;Mann;83.2;356;428
2024;Hovseter;60-74 år;Begge kjønn;43.1;390;904
2024;Hovseter;60-74 år;Kvinne;38.0;201;529
2024;Hovseter;60-74 år;Mann;50.4;189;375
2024;Holmen;Alder i alt;Begge kjønn;74.0;3180;4295
2024;Holmen;Alder i alt;Kvinne;74.2;1629;2196
2024;Holmen;Alder i alt;Mann;73.9;1551;2099
2024;Holmen;15-24 år;Begge kjønn;45.6;307;673
2024;Holmen;15-24 år;Kvinne;47.5;152;320
2024;Holmen;15-24 år;Mann;43.9;155;353
2024;Holmen;25-39 år;Begge kjønn;87.1;935;1074
2024;Holmen;25-39 år;Kvinne;88.6;511;577
2024;Holmen;25-39 år;Mann;85.3;424;497
2024;Holmen;40-49 år;Begge kjønn;87.6;822;938
2024;Holmen;40-49 år;Kvinne;89.0;420;472
2024;Holmen;40-49 år;Mann;86.3;402;466
2024;Holmen;50-59 år;Begge kjønn;87.4;657;752
2024;Holmen;50-59 år;Kvinne;86.8;321;370
2024;Holmen;50-59 år;Mann;88.0;336;382
2024;Holmen;60-74 år;Begge kjønn;53.5;459;858
2024;Holmen;60-74 år;Kvinne;49.2;225;457
2024;Holmen;60-74 år;Mann;58.4;234;401
2024;Slemdal;Alder i alt;Begge kjønn;71.5;3786;5295
2024;Slemdal;Alder i alt;Kvinne;70.8;1897;2678
2024;Slemdal;Alder i alt;Mann;72.2;1889;2617
2024;Slemdal;15-24 år;Begge kjønn;41.8;367;878
2024;Slemdal;15-24 år;Kvinne;44.1;197;447
2024;Slemdal;15-24 år;Mann;39.4;170;431
2024;Slemdal;25-39 år;Begge kjønn;80.3;1106;1377
2024;Slemdal;25-39 år;Kvinne;77.4;567;733
2024;Slemdal;25-39 år;Mann;83.7;539;644
2024;Slemdal;40-49 år;Begge kjønn;87.4;985;1127
2024;Slemdal;40-49 år;Kvinne;88.7;493;556
2024;Slemdal;40-49 år;Mann;86.2;492;571
2024;Slemdal;50-59 år;Begge kjønn;85.8;741;864
2024;Slemdal;50-59 år;Kvinne;84.7;361;426
2024;Slemdal;50-59 år;Mann;86.8;380;438
2024;Slemdal;60-74 år;Begge kjønn;56.0;587;1049
2024;Slemdal;60-74 år;Kvinne;54.1;279;516
2024;Slemdal;60-74 år;Mann;57.8;308;533
2024;Grimelund;Alder i alt;Begge kjønn;73.6;2674;3634
2024;Grimelund;Alder i alt;Kvinne;72.3;1328;1838
2024;Grimelund;Alder i alt;Mann;74.9;1346;1796
2024;Grimelund;15-24 år;Begge kjønn;43.6;270;619
2024;Grimelund;15-24 år;Kvinne;45.1;143;317
2024;Grimelund;15-24 år;Mann;42.1;127;302
2024;Grimelund;25-39 år;Begge kjønn;82.4;852;1034
2024;Grimelund;25-39 år;Kvinne;81.1;455;561
2024;Grimelund;25-39 år;Mann;83.9;397;473
2024;Grimelund;40-49 år;Begge kjønn;88.3;636;720
2024;Grimelund;40-49 år;Kvinne;88.2;298;338
2024;Grimelund;40-49 år;Mann;88.5;338;382
2024;Grimelund;50-59 år;Begge kjønn;88.0;536;609
2024;Grimelund;50-59 år;Kvinne;87.4;264;302
2024;Grimelund;50-59 år;Mann;88.6;272;307
2024;Grimelund;60-74 år;Begge kjønn;58.3;380;652
2024;Grimelund;60-74 år;Kvinne;52.5;168;320
2024;Grimelund;60-74 år;Mann;63.9;212;332
2024;Vinderen;Alder i alt;Begge kjønn;70.4;2653;3771
2024;Vinderen;Alder i alt;Kvinne;69.4;1359;1957
2024;Vinderen;Alder i alt;Mann;71.3;1294;1814
2024;Vinderen;15-24 år;Begge kjønn;42.7;287;672
2024;Vinderen;15-24 år;Kvinne;44.9;160;356
2024;Vinderen;15-24 år;Mann;40.2;127;316
2024;Vinderen;25-39 år;Begge kjønn;80.1;779;973
2024;Vinderen;25-39 år;Kvinne;78.7;407;517
2024;Vinderen;25-39 år;Mann;81.6;372;456
2024;Vinderen;40-49 år;Begge kjønn;87.8;581;662
2024;Vinderen;40-49 år;Kvinne;88.7;291;328
2024;Vinderen;40-49 år;Mann;86.8;290;334
2024;Vinderen;50-59 år;Begge kjønn;85.9;595;693
2024;Vinderen;50-59 år;Kvinne;86.9;286;329
2024;Vinderen;50-59 år;Mann;84.9;309;364
2024;Vinderen;60-74 år;Begge kjønn;53.3;411;771
2024;Vinderen;60-74 år;Kvinne;50.4;215;427
2024;Vinderen;60-74 år;Mann;57.0;196;344
2024;Disen;Alder i alt;Begge kjønn;74.2;2692;3630
2024;Disen;Alder i alt;Kvinne;74.0;1388;1876
2024;Disen;Alder i alt;Mann;74.3;1304;1754
2024;Disen;15-24 år;Begge kjønn;43.1;256;594
2024;Disen;15-24 år;Kvinne;45.2;123;272
2024;Disen;15-24 år;Mann;41.3;133;322
2024;Disen;25-39 år;Begge kjønn;86.8;818;942
2024;Disen;25-39 år;Kvinne;85.8;436;508
2024;Disen;25-39 år;Mann;88.0;382;434
2024;Disen;40-49 år;Begge kjønn;89.8;622;693
2024;Disen;40-49 år;Kvinne;90.2;333;369
2024;Disen;40-49 år;Mann;89.2;289;324
2024;Disen;50-59 år;Begge kjønn;88.2;638;723
2024;Disen;50-59 år;Kvinne;86.9;318;366
2024;Disen;50-59 år;Mann;89.6;320;357
2024;Disen;60-74 år;Begge kjønn;52.8;358;678
2024;Disen;60-74 år;Kvinne;49.3;178;361
2024;Disen;60-74 år;Mann;56.8;180;317
2024;Myrer;Alder i alt;Begge kjønn;71.1;3136;4412
2024;Myrer;Alder i alt;Kvinne;70.5;1563;2218
2024;Myrer;Alder i alt;Mann;71.7;1573;2194
2024;Myrer;15-24 år;Begge kjønn;42.6;309;726
2024;Myrer;15-24 år;Kvinne;43.2;146;338
2024;Myrer;15-24 år;Mann;42.0;163;388
2024;Myrer;25-39 år;Begge kjønn;82.1;910;1108
2024;Myrer;25-39 år;Kvinne;83.0;475;572
2024;Myrer;25-39 år;Mann;81.2;435;536
2024;Myrer;40-49 år;Begge kjønn;89.8;750;835
2024;Myrer;40-49 år;Kvinne;87.9;378;430
2024;Myrer;40-49 år;Mann;91.9;372;405
2024;Myrer;50-59 år;Begge kjønn;86.1;718;834
2024;Myrer;50-59 år;Kvinne;85.9;366;426
2024;Myrer;50-59 år;Mann;86.3;352;408
2024;Myrer;60-74 år;Begge kjønn;49.4;449;909
2024;Myrer;60-74 år;Kvinne;43.8;198;452
2024;Myrer;60-74 år;Mann;54.9;251;457
2024;Grefsen;Alder i alt;Begge kjønn;72.4;3863;5336
2024;Grefsen;Alder i alt;Kvinne;71.7;1892;2638
2024;Grefsen;Alder i alt;Mann;73.1;1971;2698
2024;Grefsen;15-24 år;Begge kjønn;49.4;447;904
2024;Grefsen;15-24 år;Kvinne;53.8;240;446
2024;Grefsen;15-24 år;Mann;45.2;207;458
2024;Grefsen;25-39 år;Begge kjønn;83.4;1201;1440
2024;Grefsen;25-39 år;Kvinne;82.7;594;718
2024;Grefsen;25-39 år;Mann;84.1;607;722
2024;Grefsen;40-49 år;Begge kjønn;86.8;920;1060
2024;Grefsen;40-49 år;Kvinne;84.9;444;523
2024;Grefsen;40-49 år;Mann;88.6;476;537
2024;Grefsen;50-59 år;Begge kjønn;85.4;880;1030
2024;Grefsen;50-59 år;Kvinne;84.1;422;502
2024;Grefsen;50-59 år;Mann;86.7;458;528
2024;Grefsen;60-74 år;Begge kjønn;46.0;415;902
2024;Grefsen;60-74 år;Kvinne;42.8;192;449
2024;Grefsen;60-74 år;Mann;49.2;223;453
2024;Kjelsås;Alder i alt;Begge kjønn;76.0;3565;4693
2024;Kjelsås;Alder i alt;Kvinne;76.4;1781;2331
2024;Kjelsås;Alder i alt;Mann;75.5;1784;2362
2024;Kjelsås;15-24 år;Begge kjønn;48.5;336;693
2024;Kjelsås;15-24 år;Kvinne;55.0;183;333
2024;Kjelsås;15-24 år;Mann;42.5;153;360
2024;Kjelsås;25-39 år;Begge kjønn;84.7;1294;1528
2024;Kjelsås;25-39 år;Kvinne;86.4;644;745
2024;Kjelsås;25-39 år;Mann;83.0;650;783
2024;Kjelsås;40-49 år;Begge kjønn;91.1;812;891
2024;Kjelsås;40-49 år;Kvinne;90.4;396;438
2024;Kjelsås;40-49 år;Mann;91.8;416;453
2024;Kjelsås;50-59 år;Begge kjønn;89.6;692;772
2024;Kjelsås;50-59 år;Kvinne;89.6;352;393
2024;Kjelsås;50-59 år;Mann;89.7;340;379
2024;Kjelsås;60-74 år;Begge kjønn;53.3;431;809
2024;Kjelsås;60-74 år;Kvinne;48.8;206;422
2024;Kjelsås;60-74 år;Mann;58.1;225;387
2024;Korsvoll;Alder i alt;Begge kjønn;71.6;3009;4202
2024;Korsvoll;Alder i alt;Kvinne;70.7;1478;2091
2024;Korsvoll;Alder i alt;Mann;72.5;1531;2111
2024;Korsvoll;15-24 år;Begge kjønn;38.5;292;758
2024;Korsvoll;15-24 år;Kvinne;39.8;146;367
2024;Korsvoll;15-24 år;Mann;37.3;146;391
2024;Korsvoll;25-39 år;Begge kjønn;81.0;848;1047
2024;Korsvoll;25-39 år;Kvinne;81.1;430;530
2024;Korsvoll;25-39 år;Mann;80.9;418;517
2024;Korsvoll;40-49 år;Begge kjønn;87.8;725;826
2024;Korsvoll;40-49 år;Kvinne;86.9;365;420
2024;Korsvoll;40-49 år;Mann;88.7;360;406
2024;Korsvoll;50-59 år;Begge kjønn;88.7;676;762
2024;Korsvoll;50-59 år;Kvinne;87.3;336;385
2024;Korsvoll;50-59 år;Mann;90.2;340;377
2024;Korsvoll;60-74 år;Begge kjønn;57.8;468;809
2024;Korsvoll;60-74 år;Kvinne;51.7;201;389
2024;Korsvoll;60-74 år;Mann;63.6;267;420
2024;Tåsen;Alder i alt;Begge kjønn;74.6;4833;6476
2024;Tåsen;Alder i alt;Kvinne;74.2;2362;3182
2024;Tåsen;Alder i alt;Mann;75.0;2471;3294
2024;Tåsen;15-24 år;Begge kjønn;54.6;672;1231
2024;Tåsen;15-24 år;Kvinne;56.2;355;632
2024;Tåsen;15-24 år;Mann;52.9;317;599
2024;Tåsen;25-39 år;Begge kjønn;83.9;2047;2441
2024;Tåsen;25-39 år;Kvinne;84.3;996;1182
2024;Tåsen;25-39 år;Mann;83.5;1051;1259
2024;Tåsen;40-49 år;Begge kjønn;86.2;961;1115
2024;Tåsen;40-49 år;Kvinne;87.1;451;518
2024;Tåsen;40-49 år;Mann;85.4;510;597
2024;Tåsen;50-59 år;Begge kjønn;84.1;737;876
2024;Tåsen;50-59 år;Kvinne;83.5;354;424
2024;Tåsen;50-59 år;Mann;84.7;383;452
2024;Tåsen;60-74 år;Begge kjønn;51.2;416;813
2024;Tåsen;60-74 år;Kvinne;48.4;206;426
2024;Tåsen;60-74 år;Mann;54.3;210;387
2024;Nordberg;Alder i alt;Begge kjønn;63.1;4741;7513
2024;Nordberg;Alder i alt;Kvinne;60.8;2370;3898
2024;Nordberg;Alder i alt;Mann;65.6;2371;3615
2024;Nordberg;15-24 år;Begge kjønn;42.7;906;2124
2024;Nordberg;15-24 år;Kvinne;44.7;528;1181
2024;Nordberg;15-24 år;Mann;40.1;378;943
2024;Nordberg;25-39 år;Begge kjønn;67.1;1748;2604
2024;Nordberg;25-39 år;Kvinne;62.5;806;1289
2024;Nordberg;25-39 år;Mann;71.6;942;1315
2024;Nordberg;40-49 år;Begge kjønn;86.0;820;953
2024;Nordberg;40-49 år;Kvinne;85.7;397;463
2024;Nordberg;40-49 år;Mann;86.3;423;490
2024;Nordberg;50-59 år;Begge kjønn;89.0;767;862
2024;Nordberg;50-59 år;Kvinne;88.7;401;452
2024;Nordberg;50-59 år;Mann;89.3;366;410
2024;Nordberg;60-74 år;Begge kjønn;51.5;500;970
2024;Nordberg;60-74 år;Kvinne;46.4;238;513
2024;Nordberg;60-74 år;Mann;57.3;262;457
2024;Ullevål hageby;Alder i alt;Begge kjønn;70.7;3728;5272
2024;Ullevål hageby;Alder i alt;Kvinne;69.4;1852;2667
2024;Ullevål hageby;Alder i alt;Mann;72.0;1876;2605
2024;Ullevål hageby;15-24 år;Begge kjønn;45.8;508;1110
2024;Ullevål hageby;15-24 år;Kvinne;44.5;254;571
2024;Ullevål hageby;15-24 år;Mann;47.1;254;539
2024;Ullevål hageby;25-39 år;Begge kjønn;75.6;934;1235
2024;Ullevål hageby;25-39 år;Kvinne;75.0;463;617
2024;Ullevål hageby;25-39 år;Mann;76.2;471;618
2024;Ullevål hageby;40-49 år;Begge kjønn;86.2;803;932
2024;Ullevål hageby;40-49 år;Kvinne;88.6;418;472
2024;Ullevål hageby;40-49 år;Mann;83.7;385;460
2024;Ullevål hageby;50-59 år;Begge kjønn;89.3;930;1041
2024;Ullevål hageby;50-59 år;Kvinne;88.7;464;523
2024;Ullevål hageby;50-59 år;Mann;90.0;466;518
2024;Ullevål hageby;60-74 år;Begge kjønn;58.0;553;954
2024;Ullevål hageby;60-74 år;Kvinne;52.3;253;484
2024;Ullevål hageby;60-74 år;Mann;63.8;300;470
2024;Veitvet;Alder i alt;Begge kjønn;65.2;3339;5119
2024;Veitvet;Alder i alt;Kvinne;61.7;1548;2508
2024;Veitvet;Alder i alt;Mann;68.6;1791;2611
2024;Veitvet;15-24 år;Begge kjønn;50.2;471;939
2024;Veitvet;15-24 år;Kvinne;47.7;206;432
2024;Veitvet;15-24 år;Mann;52.3;265;507
2024;Veitvet;25-39 år;Begge kjønn;77.7;1366;1758
2024;Veitvet;25-39 år;Kvinne;74.8;648;866
2024;Veitvet;25-39 år;Mann;80.5;718;892
2024;Veitvet;40-49 år;Begge kjønn;73.4;749;1021
2024;Veitvet;40-49 år;Kvinne;69.0;360;522
2024;Veitvet;40-49 år;Mann;78.0;389;499
2024;Veitvet;50-59 år;Begge kjønn;68.5;517;755
2024;Veitvet;50-59 år;Kvinne;65.1;233;358
2024;Veitvet;50-59 år;Mann;71.5;284;397
2024;Veitvet;60-74 år;Begge kjønn;36.5;236;646
2024;Veitvet;60-74 år;Kvinne;30.6;101;330
2024;Veitvet;60-74 år;Mann;42.7;135;316
2024;Linderud;Alder i alt;Begge kjønn;70.8;4586;6480
2024;Linderud;Alder i alt;Kvinne;67.5;2172;3216
2024;Linderud;Alder i alt;Mann;74.0;2414;3264
2024;Linderud;15-24 år;Begge kjønn;54.0;482;893
2024;Linderud;15-24 år;Kvinne;56.3;246;437
2024;Linderud;15-24 år;Mann;51.8;236;456
2024;Linderud;25-39 år;Begge kjønn;84.5;2269;2685
2024;Linderud;25-39 år;Kvinne;82.0;1098;1339
2024;Linderud;25-39 år;Mann;87.0;1171;1346
2024;Linderud;40-49 år;Begge kjønn;77.4;909;1175
2024;Linderud;40-49 år;Kvinne;69.7;408;585
2024;Linderud;40-49 år;Mann;84.9;501;590
2024;Linderud;50-59 år;Begge kjønn;70.6;633;896
2024;Linderud;50-59 år;Kvinne;67.7;291;430
2024;Linderud;50-59 år;Mann;73.4;342;466
2024;Linderud;60-74 år;Begge kjønn;35.3;293;831
2024;Linderud;60-74 år;Kvinne;30.4;129;425
2024;Linderud;60-74 år;Mann;40.4;164;406
2024;Årvoll;Alder i alt;Begge kjønn;74.9;5118;6836
2024;Årvoll;Alder i alt;Kvinne;74.2;2652;3574
2024;Årvoll;Alder i alt;Mann;75.6;2466;3262
2024;Årvoll;15-24 år;Begge kjønn;48.9;460;940
2024;Årvoll;15-24 år;Kvinne;53.9;251;466
2024;Årvoll;15-24 år;Mann;44.1;209;474
2024;Årvoll;25-39 år;Begge kjønn;88.0;1986;2257
2024;Årvoll;25-39 år;Kvinne;86.9;1016;1169
2024;Årvoll;25-39 år;Mann;89.2;970;1088
2024;Årvoll;40-49 år;Begge kjønn;89.3;1214;1360
2024;Årvoll;40-49 år;Kvinne;90.1;647;718
2024;Årvoll;40-49 år;Mann;88.3;567;642
2024;Årvoll;50-59 år;Begge kjønn;85.0;1003;1180
2024;Årvoll;50-59 år;Kvinne;84.4;518;614
2024;Årvoll;50-59 år;Mann;85.7;485;566
2024;Årvoll;60-74 år;Begge kjønn;41.4;455;1099
2024;Årvoll;60-74 år;Kvinne;36.2;220;607
2024;Årvoll;60-74 år;Mann;47.8;235;492
2024;Refstad;Alder i alt;Begge kjønn;67.5;3646;5404
2024;Refstad;Alder i alt;Kvinne;67.2;1686;2510
2024;Refstad;Alder i alt;Mann;67.7;1960;2894
2024;Refstad;15-24 år;Begge kjønn;49.2;407;828
2024;Refstad;15-24 år;Kvinne;52.2;202;387
2024;Refstad;15-24 år;Mann;46.5;205;441
2024;Refstad;25-39 år;Begge kjønn;79.2;1606;2028
2024;Refstad;25-39 år;Kvinne;79.0;751;951
2024;Refstad;25-39 år;Mann;79.4;855;1077
2024;Refstad;40-49 år;Begge kjønn;76.8;842;1096
2024;Refstad;40-49 år;Kvinne;77.4;391;505
2024;Refstad;40-49 år;Mann;76.3;451;591
2024;Refstad;50-59 år;Begge kjønn;71.5;556;778
2024;Refstad;50-59 år;Kvinne;71.8;249;347
2024;Refstad;50-59 år;Mann;71.2;307;431
2024;Refstad;60-74 år;Begge kjønn;34.9;235;674
2024;Refstad;60-74 år;Kvinne;29.1;93;320
2024;Refstad;60-74 år;Mann;40.1;142;354
2024;Ulven;Alder i alt;Begge kjønn;72.4;3239;4474
2024;Ulven;Alder i alt;Kvinne;70.1;1499;2139
2024;Ulven;Alder i alt;Mann;74.5;1740;2335
2024;Ulven;15-24 år;Begge kjønn;54.0;428;793
2024;Ulven;15-24 år;Kvinne;54.7;239;437
2024;Ulven;15-24 år;Mann;53.1;189;356
2024;Ulven;25-39 år;Begge kjønn;80.8;1288;1594
2024;Ulven;25-39 år;Kvinne;80.1;611;763
2024;Ulven;25-39 år;Mann;81.5;677;831
2024;Ulven;40-49 år;Begge kjønn;84.4;767;909
2024;Ulven;40-49 år;Kvinne;80.6;336;417
2024;Ulven;40-49 år;Mann;87.6;431;492
2024;Ulven;50-59 år;Begge kjønn;78.4;561;716
2024;Ulven;50-59 år;Kvinne;77.7;240;309
2024;Ulven;50-59 år;Mann;78.9;321;407
2024;Ulven;60-74 år;Begge kjønn;42.2;195;462
2024;Ulven;60-74 år;Kvinne;34.3;73;213
2024;Ulven;60-74 år;Mann;49.0;122;249
2024;Ammerud;Alder i alt;Begge kjønn;64.2;3905;6079
2024;Ammerud;Alder i alt;Kvinne;62.8;1884;2998
2024;Ammerud;Alder i alt;Mann;65.6;2021;3081
2024;Ammerud;15-24 år;Begge kjønn;46.0;444;965
2024;Ammerud;15-24 år;Kvinne;45.2;216;478
2024;Ammerud;15-24 år;Mann;46.8;228;487
2024;Ammerud;25-39 år;Begge kjønn;77.8;1355;1742
2024;Ammerud;25-39 år;Kvinne;78.5;670;853
2024;Ammerud;25-39 år;Mann;77.1;685;889
2024;Ammerud;40-49 år;Begge kjønn;76.8;973;1267
2024;Ammerud;40-49 år;Kvinne;76.8;487;634
2024;Ammerud;40-49 år;Mann;76.8;486;633
2024;Ammerud;50-59 år;Begge kjønn;69.1;733;1061
2024;Ammerud;50-59 år;Kvinne;64.9;339;522
2024;Ammerud;50-59 år;Mann;73.1;394;539
2024;Ammerud;60-74 år;Begge kjønn;38.3;400;1044
2024;Ammerud;60-74 år;Kvinne;33.7;172;511
2024;Ammerud;60-74 år;Mann;42.8;228;533
2024;Rødtvet;Alder i alt;Begge kjønn;68.1;1928;2831
2024;Rødtvet;Alder i alt;Kvinne;65.8;935;1420
2024;Rødtvet;Alder i alt;Mann;70.4;993;1411
2024;Rødtvet;15-24 år;Begge kjønn;52.6;213;405
2024;Rødtvet;15-24 år;Kvinne;54.2;109;201
2024;Rødtvet;15-24 år;Mann;51.0;104;204
2024;Rødtvet;25-39 år;Begge kjønn;81.2;730;899
2024;Rødtvet;25-39 år;Kvinne;78.5;365;465
2024;Rødtvet;25-39 år;Mann;84.1;365;434
2024;Rødtvet;40-49 år;Begge kjønn;79.1;435;550
2024;Rødtvet;40-49 år;Kvinne;75.1;205;273
2024;Rødtvet;40-49 år;Mann;83.0;230;277
2024;Rødtvet;50-59 år;Begge kjønn;73.2;357;488
2024;Rødtvet;50-59 år;Kvinne;69.0;174;252
2024;Rødtvet;50-59 år;Mann;77.5;183;236
2024;Rødtvet;60-74 år;Begge kjønn;39.5;193;489
2024;Rødtvet;60-74 år;Kvinne;35.8;82;229
2024;Rødtvet;60-74 år;Mann;42.7;111;260
2024;Nordtvet;Alder i alt;Begge kjønn;69.0;2934;4255
2024;Nordtvet;Alder i alt;Kvinne;65.8;1469;2231
2024;Nordtvet;Alder i alt;Mann;72.4;1465;2024
2024;Nordtvet;15-24 år;Begge kjønn;48.1;245;509
2024;Nordtvet;15-24 år;Kvinne;42.6;104;244
2024;Nordtvet;15-24 år;Mann;53.2;141;265
2024;Nordtvet;25-39 år;Begge kjønn;82.6;1259;1525
2024;Nordtvet;25-39 år;Kvinne;81.4;652;801
2024;Nordtvet;25-39 år;Mann;83.8;607;724
2024;Nordtvet;40-49 år;Begge kjønn;80.3;667;831
2024;Nordtvet;40-49 år;Kvinne;76.9;337;438
2024;Nordtvet;40-49 år;Mann;84.0;330;393
2024;Nordtvet;50-59 år;Begge kjønn;74.8;529;707
2024;Nordtvet;50-59 år;Kvinne;70.4;262;372
2024;Nordtvet;50-59 år;Mann;79.7;267;335
2024;Nordtvet;60-74 år;Begge kjønn;34.3;234;683
2024;Nordtvet;60-74 år;Kvinne;30.3;114;376
2024;Nordtvet;60-74 år;Mann;39.1;120;307
2024;Grorud;Alder i alt;Begge kjønn;60.6;2079;3431
2024;Grorud;Alder i alt;Kvinne;57.8;877;1518
2024;Grorud;Alder i alt;Mann;62.8;1202;1913
2024;Grorud;15-24 år;Begge kjønn;51.3;281;548
2024;Grorud;15-24 år;Kvinne;52.1;124;238
2024;Grorud;15-24 år;Mann;50.6;157;310
2024;Grorud;25-39 år;Begge kjønn;69.8;667;956
2024;Grorud;25-39 år;Kvinne;66.7;273;409
2024;Grorud;25-39 år;Mann;72.0;394;547
2024;Grorud;40-49 år;Begge kjønn;66.3;444;670
2024;Grorud;40-49 år;Kvinne;63.7;193;303
2024;Grorud;40-49 år;Mann;68.4;251;367
2024;Grorud;50-59 år;Begge kjønn;70.3;465;661
2024;Grorud;50-59 år;Kvinne;69.6;190;273
2024;Grorud;50-59 år;Mann;70.9;275;388
2024;Grorud;60-74 år;Begge kjønn;37.2;222;596
2024;Grorud;60-74 år;Kvinne;32.9;97;295
2024;Grorud;60-74 år;Mann;41.5;125;301
2024;Romsås;Alder i alt;Begge kjønn;59.0;3077;5217
2024;Romsås;Alder i alt;Kvinne;56.6;1513;2675
2024;Romsås;Alder i alt;Mann;61.5;1564;2542
2024;Romsås;15-24 år;Begge kjønn;51.2;419;818
2024;Romsås;15-24 år;Kvinne;56.7;237;418
2024;Romsås;15-24 år;Mann;45.5;182;400
2024;Romsås;25-39 år;Begge kjønn;75.3;1071;1423
2024;Romsås;25-39 år;Kvinne;73.1;524;717
2024;Romsås;25-39 år;Mann;77.5;547;706
2024;Romsås;40-49 år;Begge kjønn;70.7;634;897
2024;Romsås;40-49 år;Kvinne;69.1;315;456
2024;Romsås;40-49 år;Mann;72.3;319;441
2024;Romsås;50-59 år;Begge kjønn;62.8;628;1000
2024;Romsås;50-59 år;Kvinne;56.7;299;527
2024;Romsås;50-59 år;Mann;69.6;329;473
2024;Romsås;60-74 år;Begge kjønn;30.1;325;1079
2024;Romsås;60-74 år;Kvinne;24.8;138;557
2024;Romsås;60-74 år;Mann;35.8;187;522
2024;Vestli;Alder i alt;Begge kjønn;54.3;2957;5445
2024;Vestli;Alder i alt;Kvinne;49.1;1293;2631
2024;Vestli;Alder i alt;Mann;59.1;1664;2814
2024;Vestli;15-24 år;Begge kjønn;46.8;484;1035
2024;Vestli;15-24 år;Kvinne;47.6;239;502
2024;Vestli;15-24 år;Mann;46.0;245;533
2024;Vestli;25-39 år;Begge kjønn;68.4;1018;1488
2024;Vestli;25-39 år;Kvinne;64.5;470;729
2024;Vestli;25-39 år;Mann;72.2;548;759
2024;Vestli;40-49 år;Begge kjønn;60.5;559;924
2024;Vestli;40-49 år;Kvinne;52.8;236;447
2024;Vestli;40-49 år;Mann;67.7;323;477
2024;Vestli;50-59 år;Begge kjønn;59.3;568;958
2024;Vestli;50-59 år;Kvinne;51.3;232;452
2024;Vestli;50-59 år;Mann;66.4;336;506
2024;Vestli;60-74 år;Begge kjønn;31.5;328;1040
2024;Vestli;60-74 år;Kvinne;23.2;116;501
2024;Vestli;60-74 år;Mann;39.3;212;539
2024;Fossum;Alder i alt;Begge kjønn;49.9;2008;4025
2024;Fossum;Alder i alt;Kvinne;45.2;874;1934
2024;Fossum;Alder i alt;Mann;54.2;1134;2091
2024;Fossum;15-24 år;Begge kjønn;48.2;379;786
2024;Fossum;15-24 år;Kvinne;51.7;200;387
2024;Fossum;15-24 år;Mann;44.9;179;399
2024;Fossum;25-39 år;Begge kjønn;61.8;701;1135
2024;Fossum;25-39 år;Kvinne;57.4;316;551
2024;Fossum;25-39 år;Mann;65.9;385;584
2024;Fossum;40-49 år;Begge kjønn;58.3;430;737
2024;Fossum;40-49 år;Kvinne;50.6;176;348
2024;Fossum;40-49 år;Mann;65.3;254;389
2024;Fossum;50-59 år;Begge kjønn;49.0;320;653
2024;Fossum;50-59 år;Kvinne;42.8;125;292
2024;Fossum;50-59 år;Mann;54.0;195;361
2024;Fossum;60-74 år;Begge kjønn;24.9;178;714
2024;Fossum;60-74 år;Kvinne;16.0;57;356
2024;Fossum;60-74 år;Mann;33.8;121;358
2024;Rommen;Alder i alt;Begge kjønn;59.2;1573;2655
2024;Rommen;Alder i alt;Kvinne;54.7;730;1335
2024;Rommen;Alder i alt;Mann;63.9;843;1320
2024;Rommen;15-24 år;Begge kjønn;51.3;232;452
2024;Rommen;15-24 år;Kvinne;54.5;115;211
2024;Rommen;15-24 år;Mann;48.5;117;241
2024;Rommen;25-39 år;Begge kjønn;73.9;616;834
2024;Rommen;25-39 år;Kvinne;67.5;297;440
2024;Rommen;25-39 år;Mann;81.0;319;394
2024;Rommen;40-49 år;Begge kjønn;69.8;344;493
2024;Rommen;40-49 år;Kvinne;64.6;159;246
2024;Rommen;40-49 år;Mann;74.9;185;247
2024;Rommen;50-59 år;Begge kjønn;58.9;268;455
2024;Rommen;50-59 år;Kvinne;49.3;109;221
2024;Rommen;50-59 år;Mann;67.9;159;234
2024;Rommen;60-74 år;Begge kjønn;26.8;113;421
2024;Rommen;60-74 år;Kvinne;23.0;50;217
2024;Rommen;60-74 år;Mann;30.9;63;204
2024;Haugenstua;Alder i alt;Begge kjønn;60.3;1786;2963
2024;Haugenstua;Alder i alt;Kvinne;56.8;835;1470
2024;Haugenstua;Alder i alt;Mann;63.7;951;1493
2024;Haugenstua;15-24 år;Begge kjønn;50.8;253;498
2024;Haugenstua;15-24 år;Kvinne;55.2;139;252
2024;Haugenstua;15-24 år;Mann;46.3;114;246
2024;Haugenstua;25-39 år;Begge kjønn;76.6;678;885
2024;Haugenstua;25-39 år;Kvinne;71.7;321;448
2024;Haugenstua;25-39 år;Mann;81.7;357;437
2024;Haugenstua;40-49 år;Begge kjønn;71.0;423;596
2024;Haugenstua;40-49 år;Kvinne;66.3;195;294
2024;Haugenstua;40-49 år;Mann;75.5;228;302
2024;Haugenstua;50-59 år;Begge kjønn;59.5;315;529
2024;Haugenstua;50-59 år;Kvinne;50.6;132;261
2024;Haugenstua;50-59 år;Mann;68.3;183;268
2024;Haugenstua;60-74 år;Begge kjønn;25.7;117;455
2024;Haugenstua;60-74 år;Kvinne;22.3;48;215
2024;Haugenstua;60-74 år;Mann;28.7;69;240
2024;Stovner;Alder i alt;Begge kjønn;65.5;2990;4567
2024;Stovner;Alder i alt;Kvinne;64.6;1403;2173
2024;Stovner;Alder i alt;Mann;66.3;1587;2394
2024;Stovner;15-24 år;Begge kjønn;54.0;455;842
2024;Stovner;15-24 år;Kvinne;56.9;234;411
2024;Stovner;15-24 år;Mann;51.3;221;431
2024;Stovner;25-39 år;Begge kjønn;72.7;810;1114
2024;Stovner;25-39 år;Kvinne;72.1;373;517
2024;Stovner;25-39 år;Mann;73.2;437;597
2024;Stovner;40-49 år;Begge kjønn;79.5;652;820
2024;Stovner;40-49 år;Kvinne;78.6;304;387
2024;Stovner;40-49 år;Mann;80.4;348;433
2024;Stovner;50-59 år;Begge kjønn;75.7;723;955
2024;Stovner;50-59 år;Kvinne;75.3;353;469
2024;Stovner;50-59 år;Mann;76.1;370;486
2024;Stovner;60-74 år;Begge kjønn;41.9;350;836
2024;Stovner;60-74 år;Kvinne;35.7;139;389
2024;Stovner;60-74 år;Mann;47.2;211;447
2024;Høybråten;Alder i alt;Begge kjønn;67.1;4153;6187
2024;Høybråten;Alder i alt;Kvinne;65.1;1916;2944
2024;Høybråten;Alder i alt;Mann;69.0;2237;3243
2024;Høybråten;15-24 år;Begge kjønn;50.4;584;1159
2024;Høybråten;15-24 år;Kvinne;54.1;299;553
2024;Høybråten;15-24 år;Mann;47.0;285;606
2024;Høybråten;25-39 år;Begge kjønn;76.1;1234;1621
2024;Høybråten;25-39 år;Kvinne;73.9;578;782
2024;Høybråten;25-39 år;Mann;78.2;656;839
2024;Høybråten;40-49 år;Begge kjønn;81.2;1032;1271
2024;Høybråten;40-49 år;Kvinne;81.7;491;601
2024;Høybråten;40-49 år;Mann;80.7;541;670
2024;Høybråten;50-59 år;Begge kjønn;78.1;890;1139
2024;Høybråten;50-59 år;Kvinne;73.7;393;533
2024;Høybråten;50-59 år;Mann;82.0;497;606
2024;Høybråten;60-74 år;Begge kjønn;41.4;413;997
2024;Høybråten;60-74 år;Kvinne;32.6;155;475
2024;Høybråten;60-74 år;Mann;49.4;258;522
2024;Furuset;Alder i alt;Begge kjønn;56.9;4600;8080
2024;Furuset;Alder i alt;Kvinne;52.9;2065;3905
2024;Furuset;Alder i alt;Mann;60.7;2535;4175
2024;Furuset;15-24 år;Begge kjønn;47.8;716;1498
2024;Furuset;15-24 år;Kvinne;49.4;353;715
2024;Furuset;15-24 år;Mann;46.4;363;783
2024;Furuset;25-39 år;Begge kjønn;71.1;1650;2321
2024;Furuset;25-39 år;Kvinne;67.8;759;1119
2024;Furuset;25-39 år;Mann;74.1;891;1202
2024;Furuset;40-49 år;Begge kjønn;66.3;1070;1614
2024;Furuset;40-49 år;Kvinne;61.0;480;787
2024;Furuset;40-49 år;Mann;71.3;590;827
2024;Furuset;50-59 år;Begge kjønn;59.0;779;1321
2024;Furuset;50-59 år;Kvinne;50.3;320;636
2024;Furuset;50-59 år;Mann;67.0;459;685
2024;Furuset;60-74 år;Begge kjønn;29.0;385;1326
2024;Furuset;60-74 år;Kvinne;23.6;153;648
2024;Furuset;60-74 år;Mann;34.2;232;678
2024;Ellingsrud;Alder i alt;Begge kjønn;64.9;3625;5584
2024;Ellingsrud;Alder i alt;Kvinne;60.6;1686;2781
2024;Ellingsrud;Alder i alt;Mann;69.2;1939;2803
2024;Ellingsrud;15-24 år;Begge kjønn;49.3;409;829
2024;Ellingsrud;15-24 år;Kvinne;48.9;194;397
2024;Ellingsrud;15-24 år;Mann;49.8;215;432
2024;Ellingsrud;25-39 år;Begge kjønn;80.5;1328;1650
2024;Ellingsrud;25-39 år;Kvinne;73.8;602;816
2024;Ellingsrud;25-39 år;Mann;87.1;726;834
2024;Ellingsrud;40-49 år;Begge kjønn;78.0;868;1113
2024;Ellingsrud;40-49 år;Kvinne;76.6;430;561
2024;Ellingsrud;40-49 år;Mann;79.3;438;552
2024;Ellingsrud;50-59 år;Begge kjønn;74.9;670;894
2024;Ellingsrud;50-59 år;Kvinne;72.9;318;436
2024;Ellingsrud;50-59 år;Mann;76.9;352;458
2024;Ellingsrud;60-74 år;Begge kjønn;31.9;350;1098
2024;Ellingsrud;60-74 år;Kvinne;24.9;142;571
2024;Ellingsrud;60-74 år;Mann;39.5;208;527
2024;Lindeberg;Alder i alt;Begge kjønn;60.4;3649;6043
2024;Lindeberg;Alder i alt;Kvinne;57.2;1721;3008
2024;Lindeberg;Alder i alt;Mann;63.5;1928;3035
2024;Lindeberg;15-24 år;Begge kjønn;48.8;494;1013
2024;Lindeberg;15-24 år;Kvinne;49.2;249;506
2024;Lindeberg;15-24 år;Mann;48.3;245;507
2024;Lindeberg;25-39 år;Begge kjønn;75.2;1349;1795
2024;Lindeberg;25-39 år;Kvinne;73.1;643;880
2024;Lindeberg;25-39 år;Mann;77.2;706;915
2024;Lindeberg;40-49 år;Begge kjønn;73.0;870;1191
2024;Lindeberg;40-49 år;Kvinne;70.3;416;592
2024;Lindeberg;40-49 år;Mann;75.8;454;599
2024;Lindeberg;50-59 år;Begge kjønn;61.9;612;989
2024;Lindeberg;50-59 år;Kvinne;54.8;259;473
2024;Lindeberg;50-59 år;Mann;68.4;353;516
2024;Lindeberg;60-74 år;Begge kjønn;30.7;324;1055
2024;Lindeberg;60-74 år;Kvinne;27.6;154;557
2024;Lindeberg;60-74 år;Mann;34.1;170;498
2024;Trosterud;Alder i alt;Begge kjønn;62.2;4274;6870
2024;Trosterud;Alder i alt;Kvinne;58.9;1981;3364
2024;Trosterud;Alder i alt;Mann;65.4;2293;3506
2024;Trosterud;15-24 år;Begge kjønn;52.0;524;1007
2024;Trosterud;15-24 år;Kvinne;52.9;270;510
2024;Trosterud;15-24 år;Mann;51.1;254;497
2024;Trosterud;25-39 år;Begge kjønn;77.2;1751;2267
2024;Trosterud;25-39 år;Kvinne;73.0;811;1111
2024;Trosterud;25-39 år;Mann;81.3;940;1156
2024;Trosterud;40-49 år;Begge kjønn;71.7;899;1253
2024;Trosterud;40-49 år;Kvinne;70.7;410;580
2024;Trosterud;40-49 år;Mann;72.7;489;673
2024;Trosterud;50-59 år;Begge kjønn;63.4;748;1179
2024;Trosterud;50-59 år;Kvinne;59.3;343;578
2024;Trosterud;50-59 år;Mann;67.4;405;601
2024;Trosterud;60-74 år;Begge kjønn;30.2;352;1164
2024;Trosterud;60-74 år;Kvinne;25.1;147;585
2024;Trosterud;60-74 år;Mann;35.4;205;579
2024;Hellerudtoppen;Alder i alt;Begge kjønn;73.2;1972;2695
2024;Hellerudtoppen;Alder i alt;Kvinne;72.4;967;1336
2024;Hellerudtoppen;Alder i alt;Mann;74.0;1005;1359
2024;Hellerudtoppen;15-24 år;Begge kjønn;46.3;201;434
2024;Hellerudtoppen;15-24 år;Kvinne;51.8;101;195
2024;Hellerudtoppen;15-24 år;Mann;41.8;100;239
2024;Hellerudtoppen;25-39 år;Begge kjønn;83.4;548;657
2024;Hellerudtoppen;25-39 år;Kvinne;82.4;280;340
2024;Hellerudtoppen;25-39 år;Mann;84.5;268;317
2024;Hellerudtoppen;40-49 år;Begge kjønn;93.7;523;558
2024;Hellerudtoppen;40-49 år;Kvinne;93.0;251;270
2024;Hellerudtoppen;40-49 år;Mann;94.4;272;288
2024;Hellerudtoppen;50-59 år;Begge kjønn;86.3;449;520
2024;Hellerudtoppen;50-59 år;Kvinne;83.9;213;254
2024;Hellerudtoppen;50-59 år;Mann;88.7;236;266
2024;Hellerudtoppen;60-74 år;Begge kjønn;47.7;251;526
2024;Hellerudtoppen;60-74 år;Kvinne;44.0;122;277
2024;Hellerudtoppen;60-74 år;Mann;51.8;129;249
2024;Tveita;Alder i alt;Begge kjønn;67.4;2920;4330
2024;Tveita;Alder i alt;Kvinne;65.1;1407;2160
2024;Tveita;Alder i alt;Mann;69.7;1513;2170
2024;Tveita;15-24 år;Begge kjønn;55.1;260;472
2024;Tveita;15-24 år;Kvinne;57.4;144;251
2024;Tveita;15-24 år;Mann;52.5;116;221
2024;Tveita;25-39 år;Begge kjønn;82.2;1247;1517
2024;Tveita;25-39 år;Kvinne;79.8;594;744
2024;Tveita;25-39 år;Mann;84.5;653;773
2024;Tveita;40-49 år;Begge kjønn;79.0;626;792
2024;Tveita;40-49 år;Kvinne;79.3;295;372
2024;Tveita;40-49 år;Mann;78.8;331;420
2024;Tveita;50-59 år;Begge kjønn;70.8;498;703
2024;Tveita;50-59 år;Kvinne;68.3;233;341
2024;Tveita;50-59 år;Mann;73.2;265;362
2024;Tveita;60-74 år;Begge kjønn;34.2;289;846
2024;Tveita;60-74 år;Kvinne;31.2;141;452
2024;Tveita;60-74 år;Mann;37.6;148;394
2024;Teisen;Alder i alt;Begge kjønn;69.1;3351;4849
2024;Teisen;Alder i alt;Kvinne;68.3;1601;2345
2024;Teisen;Alder i alt;Mann;69.9;1750;2504
2024;Teisen;15-24 år;Begge kjønn;51.1;306;599
2024;Teisen;15-24 år;Kvinne;53.0;159;300
2024;Teisen;15-24 år;Mann;49.2;147;299
2024;Teisen;25-39 år;Begge kjønn;84.6;1639;1937
2024;Teisen;25-39 år;Kvinne;84.3;792;939
2024;Teisen;25-39 år;Mann;84.9;847;998
2024;Teisen;40-49 år;Begge kjønn;75.4;697;924
2024;Teisen;40-49 år;Kvinne;74.4;331;445
2024;Teisen;40-49 år;Mann;76.4;366;479
2024;Teisen;50-59 år;Begge kjønn;67.1;493;735
2024;Teisen;50-59 år;Kvinne;65.1;233;358
2024;Teisen;50-59 år;Mann;69.0;260;377
2024;Teisen;60-74 år;Begge kjønn;33.0;216;654
2024;Teisen;60-74 år;Kvinne;28.4;86;303
2024;Teisen;60-74 år;Mann;37.0;130;351
2024;Manglerud;Alder i alt;Begge kjønn;72.5;6221;8580
2024;Manglerud;Alder i alt;Kvinne;70.8;3102;4379
2024;Manglerud;Alder i alt;Mann;74.2;3119;4201
2024;Manglerud;15-24 år;Begge kjønn;50.5;602;1193
2024;Manglerud;15-24 år;Kvinne;52.4;298;569
2024;Manglerud;15-24 år;Mann;48.7;304;624
2024;Manglerud;25-39 år;Begge kjønn;85.2;2214;2599
2024;Manglerud;25-39 år;Kvinne;84.9;1111;1308
2024;Manglerud;25-39 år;Mann;85.4;1103;1291
2024;Manglerud;40-49 år;Begge kjønn;86.9;1574;1812
2024;Manglerud;40-49 år;Kvinne;84.6;799;944
2024;Manglerud;40-49 år;Mann;89.3;775;868
2024;Manglerud;50-59 år;Begge kjønn;81.8;1210;1479
2024;Manglerud;50-59 år;Kvinne;80.1;609;760
2024;Manglerud;50-59 år;Mann;83.6;601;719
2024;Manglerud;60-74 år;Begge kjønn;41.5;621;1497
2024;Manglerud;60-74 år;Kvinne;35.7;285;798
2024;Manglerud;60-74 år;Mann;48.1;336;699
2024;Godlia;Alder i alt;Begge kjønn;70.3;4842;6888
2024;Godlia;Alder i alt;Kvinne;68.8;2333;3389
2024;Godlia;Alder i alt;Mann;71.7;2509;3499
2024;Godlia;15-24 år;Begge kjønn;44.9;434;967
2024;Godlia;15-24 år;Kvinne;46.5;229;492
2024;Godlia;15-24 år;Mann;43.2;205;475
2024;Godlia;25-39 år;Begge kjønn;81.8;1598;1953
2024;Godlia;25-39 år;Kvinne;80.8;796;985
2024;Godlia;25-39 år;Mann;82.9;802;968
2024;Godlia;40-49 år;Begge kjønn;85.5;1163;1360
2024;Godlia;40-49 år;Kvinne;84.9;545;642
2024;Godlia;40-49 år;Mann;86.1;618;718
2024;Godlia;50-59 år;Begge kjønn;84.3;1081;1283
2024;Godlia;50-59 år;Kvinne;83.0;511;616
2024;Godlia;50-59 år;Mann;85.5;570;667
2024;Godlia;60-74 år;Begge kjønn;42.7;566;1325
2024;Godlia;60-74 år;Kvinne;38.5;252;654
2024;Godlia;60-74 år;Mann;46.8;314;671
2024;Oppsal;Alder i alt;Begge kjønn;74.1;6361;8579
2024;Oppsal;Alder i alt;Kvinne;72.9;3319;4555
2024;Oppsal;Alder i alt;Mann;75.6;3042;4024
2024;Oppsal;15-24 år;Begge kjønn;46.0;557;1212
2024;Oppsal;15-24 år;Kvinne;47.7;275;577
2024;Oppsal;15-24 år;Mann;44.4;282;635
2024;Oppsal;25-39 år;Begge kjønn;87.9;2299;2616
2024;Oppsal;25-39 år;Kvinne;87.3;1220;1398
2024;Oppsal;25-39 år;Mann;88.6;1079;1218
2024;Oppsal;40-49 år;Begge kjønn;88.0;1528;1736
2024;Oppsal;40-49 år;Kvinne;86.1;808;938
2024;Oppsal;40-49 år;Mann;90.2;720;798
2024;Oppsal;50-59 år;Begge kjønn;86.0;1357;1578
2024;Oppsal;50-59 år;Kvinne;84.8;717;846
2024;Oppsal;50-59 år;Mann;87.4;640;732
2024;Oppsal;60-74 år;Begge kjønn;43.1;620;1437
2024;Oppsal;60-74 år;Kvinne;37.6;299;796
2024;Oppsal;60-74 år;Mann;50.1;321;641
2024;Bøler;Alder i alt;Begge kjønn;71.7;4519;6306
2024;Bøler;Alder i alt;Kvinne;70.7;2283;3231
2024;Bøler;Alder i alt;Mann;72.7;2236;3075
2024;Bøler;15-24 år;Begge kjønn;46.6;413;887
2024;Bøler;15-24 år;Kvinne;49.2;204;415
2024;Bøler;15-24 år;Mann;44.3;209;472
2024;Bøler;25-39 år;Begge kjønn;85.7;1493;1742
2024;Bøler;25-39 år;Kvinne;84.8;763;900
2024;Bøler;25-39 år;Mann;86.7;730;842
2024;Bøler;40-49 år;Begge kjønn;86.4;1128;1306
2024;Bøler;40-49 år;Kvinne;85.6;578;675
2024;Bøler;40-49 år;Mann;87.2;550;631
2024;Bøler;50-59 år;Begge kjønn;81.0;992;1224
2024;Bøler;50-59 år;Kvinne;79.8;526;659
2024;Bøler;50-59 år;Mann;82.5;466;565
2024;Bøler;60-74 år;Begge kjønn;43.0;493;1147
2024;Bøler;60-74 år;Kvinne;36.4;212;582
2024;Bøler;60-74 år;Mann;49.7;281;565
2024;Skullerud;Alder i alt;Begge kjønn;65.8;3701;5621
2024;Skullerud;Alder i alt;Kvinne;64.6;1850;2864
2024;Skullerud;Alder i alt;Mann;67.1;1851;2757
2024;Skullerud;15-24 år;Begge kjønn;52.4;381;727
2024;Skullerud;15-24 år;Kvinne;56.4;186;330
2024;Skullerud;15-24 år;Mann;49.1;195;397
2024;Skullerud;25-39 år;Begge kjønn;79.3;1326;1673
2024;Skullerud;25-39 år;Kvinne;79.0;668;846
2024;Skullerud;25-39 år;Mann;79.6;658;827
2024;Skullerud;40-49 år;Begge kjønn;76.9;801;1041
2024;Skullerud;40-49 år;Kvinne;76.2;425;558
2024;Skullerud;40-49 år;Mann;77.8;376;483
2024;Skullerud;50-59 år;Begge kjønn;73.9;749;1013
2024;Skullerud;50-59 år;Kvinne;69.4;361;520
2024;Skullerud;50-59 år;Mann;78.7;388;493
2024;Skullerud;60-74 år;Begge kjønn;38.0;444;1167
2024;Skullerud;60-74 år;Kvinne;34.4;210;610
2024;Skullerud;60-74 år;Mann;42.0;234;557
2024;Abildsø;Alder i alt;Begge kjønn;71.5;2093;2928
2024;Abildsø;Alder i alt;Kvinne;69.5;1014;1460
2024;Abildsø;Alder i alt;Mann;73.5;1079;1468
2024;Abildsø;15-24 år;Begge kjønn;47.0;238;506
2024;Abildsø;15-24 år;Kvinne;51.1;121;237
2024;Abildsø;15-24 år;Mann;43.5;117;269
2024;Abildsø;25-39 år;Begge kjønn;83.2;578;695
2024;Abildsø;25-39 år;Kvinne;80.8;291;360
2024;Abildsø;25-39 år;Mann;85.7;287;335
2024;Abildsø;40-49 år;Begge kjønn;86.5;583;674
2024;Abildsø;40-49 år;Kvinne;84.3;289;343
2024;Abildsø;40-49 år;Mann;88.8;294;331
2024;Abildsø;50-59 år;Begge kjønn;84.8;457;539
2024;Abildsø;50-59 år;Kvinne;82.1;224;273
2024;Abildsø;50-59 år;Mann;87.6;233;266
2024;Abildsø;60-74 år;Begge kjønn;46.1;237;514
2024;Abildsø;60-74 år;Kvinne;36.0;89;247
2024;Abildsø;60-74 år;Mann;55.4;148;267
2024;Ljan;Alder i alt;Begge kjønn;70.8;3169;4479
2024;Ljan;Alder i alt;Kvinne;68.9;1568;2275
2024;Ljan;Alder i alt;Mann;72.6;1601;2204
2024;Ljan;15-24 år;Begge kjønn;46.1;331;718
2024;Ljan;15-24 år;Kvinne;47.6;171;359
2024;Ljan;15-24 år;Mann;44.6;160;359
2024;Ljan;25-39 år;Begge kjønn;80.4;802;997
2024;Ljan;25-39 år;Kvinne;80.1;398;497
2024;Ljan;25-39 år;Mann;80.8;404;500
2024;Ljan;40-49 år;Begge kjønn;87.1;761;874
2024;Ljan;40-49 år;Kvinne;86.3;398;461
2024;Ljan;40-49 år;Mann;87.9;363;413
2024;Ljan;50-59 år;Begge kjønn;86.8;730;841
2024;Ljan;50-59 år;Kvinne;86.8;363;418
2024;Ljan;50-59 år;Mann;86.8;367;423
2024;Ljan;60-74 år;Begge kjønn;52.0;545;1049
2024;Ljan;60-74 år;Kvinne;44.1;238;540
2024;Ljan;60-74 år;Mann;60.3;307;509
2024;Nordstrand;Alder i alt;Begge kjønn;70.2;4070;5795
2024;Nordstrand;Alder i alt;Kvinne;68.2;2019;2959
2024;Nordstrand;Alder i alt;Mann;72.3;2051;2836
2024;Nordstrand;15-24 år;Begge kjønn;51.3;443;864
2024;Nordstrand;15-24 år;Kvinne;51.3;223;435
2024;Nordstrand;15-24 år;Mann;51.3;220;429
2024;Nordstrand;25-39 år;Begge kjønn;81.1;1031;1272
2024;Nordstrand;25-39 år;Kvinne;80.9;539;666
2024;Nordstrand;25-39 år;Mann;81.2;492;606
2024;Nordstrand;40-49 år;Begge kjønn;87.4;990;1133
2024;Nordstrand;40-49 år;Kvinne;87.9;494;562
2024;Nordstrand;40-49 år;Mann;86.9;496;571
2024;Nordstrand;50-59 år;Begge kjønn;85.1;941;1106
2024;Nordstrand;50-59 år;Kvinne;82.8;467;564
2024;Nordstrand;50-59 år;Mann;87.5;474;542
2024;Nordstrand;60-74 år;Begge kjønn;46.8;665;1420
2024;Nordstrand;60-74 år;Kvinne;40.4;296;732
2024;Nordstrand;60-74 år;Mann;53.6;369;688
2024;Bekkelaget;Alder i alt;Begge kjønn;71.8;5503;7664
2024;Bekkelaget;Alder i alt;Kvinne;70.4;2709;3850
2024;Bekkelaget;Alder i alt;Mann;73.3;2794;3814
2024;Bekkelaget;15-24 år;Begge kjønn;47.4;642;1354
2024;Bekkelaget;15-24 år;Kvinne;49.0;332;678
2024;Bekkelaget;15-24 år;Mann;45.9;310;676
2024;Bekkelaget;25-39 år;Begge kjønn;80.3;1263;1572
2024;Bekkelaget;25-39 år;Kvinne;79.6;647;813
2024;Bekkelaget;25-39 år;Mann;81.2;616;759
2024;Bekkelaget;40-49 år;Begge kjønn;90.4;1314;1454
2024;Bekkelaget;40-49 år;Kvinne;92.0;663;721
2024;Bekkelaget;40-49 år;Mann;88.8;651;733
2024;Bekkelaget;50-59 år;Begge kjønn;89.0;1387;1558
2024;Bekkelaget;50-59 år;Kvinne;87.4;680;778
2024;Bekkelaget;50-59 år;Mann;90.6;707;780
2024;Bekkelaget;60-74 år;Begge kjønn;52.0;897;1726
2024;Bekkelaget;60-74 år;Kvinne;45.0;387;860
2024;Bekkelaget;60-74 år;Mann;58.9;510;866
2024;Simensbråten;Alder i alt;Begge kjønn;72.3;5295;7327
2024;Simensbråten;Alder i alt;Kvinne;71.6;2565;3582
2024;Simensbråten;Alder i alt;Mann;72.9;2730;3745
2024;Simensbråten;15-24 år;Begge kjønn;44.7;554;1238
2024;Simensbråten;15-24 år;Kvinne;46.2;273;591
2024;Simensbråten;15-24 år;Mann;43.4;281;647
2024;Simensbråten;25-39 år;Begge kjønn;82.3;1560;1895
2024;Simensbråten;25-39 år;Kvinne;83.3;781;938
2024;Simensbråten;25-39 år;Mann;81.4;779;957
2024;Simensbråten;40-49 år;Begge kjønn;88.0;1470;1671
2024;Simensbråten;40-49 år;Kvinne;86.7;728;840
2024;Simensbråten;40-49 år;Mann;89.3;742;831
2024;Simensbråten;50-59 år;Begge kjønn;84.4;1137;1347
2024;Simensbråten;50-59 år;Kvinne;84.0;530;631
2024;Simensbråten;50-59 år;Mann;84.8;607;716
2024;Simensbråten;60-74 år;Begge kjønn;48.8;574;1176
2024;Simensbråten;60-74 år;Kvinne;43.5;253;582
2024;Simensbråten;60-74 år;Mann;54.0;321;594
2024;Lambertseter;Alder i alt;Begge kjønn;72.6;6091;8387
2024;Lambertseter;Alder i alt;Kvinne;71.5;3218;4503
2024;Lambertseter;Alder i alt;Mann;74.0;2873;3884
2024;Lambertseter;15-24 år;Begge kjønn;52.6;460;874
2024;Lambertseter;15-24 år;Kvinne;55.0;232;422
2024;Lambertseter;15-24 år;Mann;50.4;228;452
2024;Lambertseter;25-39 år;Begge kjønn;87.9;2984;3396
2024;Lambertseter;25-39 år;Kvinne;87.2;1534;1760
2024;Lambertseter;25-39 år;Mann;88.6;1450;1636
2024;Lambertseter;40-49 år;Begge kjønn;82.2;1189;1447
2024;Lambertseter;40-49 år;Kvinne;82.0;645;787
2024;Lambertseter;40-49 år;Mann;82.4;544;660
2024;Lambertseter;50-59 år;Begge kjønn;76.2;927;1216
2024;Lambertseter;50-59 år;Kvinne;75.6;512;677
2024;Lambertseter;50-59 år;Mann;77.0;415;539
2024;Lambertseter;60-74 år;Begge kjønn;36.5;531;1454
2024;Lambertseter;60-74 år;Kvinne;34.4;295;857
2024;Lambertseter;60-74 år;Mann;39.5;236;597
2024;Munkerud;Alder i alt;Begge kjønn;73.9;4899;6628
2024;Munkerud;Alder i alt;Kvinne;73.3;2441;3331
2024;Munkerud;Alder i alt;Mann;74.6;2458;3297
2024;Munkerud;15-24 år;Begge kjønn;47.0;574;1221
2024;Munkerud;15-24 år;Kvinne;51.2;314;613
2024;Munkerud;15-24 år;Mann;42.8;260;608
2024;Munkerud;25-39 år;Begge kjønn;84.9;1237;1457
2024;Munkerud;25-39 år;Kvinne;85.1;655;770
2024;Munkerud;25-39 år;Mann;84.7;582;687
2024;Munkerud;40-49 år;Begge kjønn;88.8;1405;1582
2024;Munkerud;40-49 år;Kvinne;88.6;714;806
2024;Munkerud;40-49 år;Mann;89.0;691;776
2024;Munkerud;50-59 år;Begge kjønn;89.1;1125;1263
2024;Munkerud;50-59 år;Kvinne;88.6;526;594
2024;Munkerud;50-59 år;Mann;89.5;599;669
2024;Munkerud;60-74 år;Begge kjønn;50.5;558;1105
2024;Munkerud;60-74 år;Kvinne;42.3;232;548
2024;Munkerud;60-74 år;Mann;58.5;326;557
2024;Holmlia Syd;Alder i alt;Begge kjønn;58.9;2649;4496
2024;Holmlia Syd;Alder i alt;Kvinne;56.6;1314;2321
2024;Holmlia Syd;Alder i alt;Mann;61.4;1335;2175
2024;Holmlia Syd;15-24 år;Begge kjønn;47.0;364;774
2024;Holmlia Syd;15-24 år;Kvinne;49.7;193;388
2024;Holmlia Syd;15-24 år;Mann;44.3;171;386
2024;Holmlia Syd;25-39 år;Begge kjønn;70.6;850;1204
2024;Holmlia Syd;25-39 år;Kvinne;69.9;424;607
2024;Holmlia Syd;25-39 år;Mann;71.4;426;597
2024;Holmlia Syd;40-49 år;Begge kjønn;71.5;612;856
2024;Holmlia Syd;40-49 år;Kvinne;68.2;285;418
2024;Holmlia Syd;40-49 år;Mann;74.7;327;438
2024;Holmlia Syd;50-59 år;Begge kjønn;65.4;476;728
2024;Holmlia Syd;50-59 år;Kvinne;63.7;251;394
2024;Holmlia Syd;50-59 år;Mann;67.4;225;334
2024;Holmlia Syd;60-74 år;Begge kjønn;37.2;347;934
2024;Holmlia Syd;60-74 år;Kvinne;31.3;161;514
2024;Holmlia Syd;60-74 år;Mann;44.3;186;420
2024;Holmlia Nord;Alder i alt;Begge kjønn;62.9;2733;4346
2024;Holmlia Nord;Alder i alt;Kvinne;61.7;1438;2329
2024;Holmlia Nord;Alder i alt;Mann;64.2;1295;2017
2024;Holmlia Nord;15-24 år;Begge kjønn;46.9;315;672
2024;Holmlia Nord;15-24 år;Kvinne;52.3;170;325
2024;Holmlia Nord;15-24 år;Mann;41.8;145;347
2024;Holmlia Nord;25-39 år;Begge kjønn;78.1;761;975
2024;Holmlia Nord;25-39 år;Kvinne;78.7;392;498
2024;Holmlia Nord;25-39 år;Mann;77.4;369;477
2024;Holmlia Nord;40-49 år;Begge kjønn;80.7;674;835
2024;Holmlia Nord;40-49 år;Kvinne;77.0;345;448
2024;Holmlia Nord;40-49 år;Mann;85.0;329;387
2024;Holmlia Nord;50-59 år;Begge kjønn;75.5;575;762
2024;Holmlia Nord;50-59 år;Kvinne;71.8;306;426
2024;Holmlia Nord;50-59 år;Mann;80.1;269;336
2024;Holmlia Nord;60-74 år;Begge kjønn;37.0;408;1102
2024;Holmlia Nord;60-74 år;Kvinne;35.6;225;632
2024;Holmlia Nord;60-74 år;Mann;38.9;183;470
2024;Prinsdal;Alder i alt;Begge kjønn;59.7;2742;4596
2024;Prinsdal;Alder i alt;Kvinne;56.3;1208;2144
2024;Prinsdal;Alder i alt;Mann;62.6;1534;2452
2024;Prinsdal;15-24 år;Begge kjønn;44.1;368;835
2024;Prinsdal;15-24 år;Kvinne;46.1;190;412
2024;Prinsdal;15-24 år;Mann;42.1;178;423
2024;Prinsdal;25-39 år;Begge kjønn;68.3;828;1212
2024;Prinsdal;25-39 år;Kvinne;63.3;352;556
2024;Prinsdal;25-39 år;Mann;72.6;476;656
2024;Prinsdal;40-49 år;Begge kjønn;72.2;662;917
2024;Prinsdal;40-49 år;Kvinne;70.5;303;430
2024;Prinsdal;40-49 år;Mann;73.7;359;487
2024;Prinsdal;50-59 år;Begge kjønn;72.2;574;795
2024;Prinsdal;50-59 år;Kvinne;69.5;246;354
2024;Prinsdal;50-59 år;Mann;74.4;328;441
2024;Prinsdal;60-74 år;Begge kjønn;37.0;310;837
2024;Prinsdal;60-74 år;Kvinne;29.8;117;392
2024;Prinsdal;60-74 år;Mann;43.4;193;445
2024;Bjørnerud;Alder i alt;Begge kjønn;57.1;3021;5290
2024;Bjørnerud;Alder i alt;Kvinne;53.7;1446;2692
2024;Bjørnerud;Alder i alt;Mann;60.6;1575;2598
2024;Bjørnerud;15-24 år;Begge kjønn;45.6;433;950
2024;Bjørnerud;15-24 år;Kvinne;46.8;223;477
2024;Bjørnerud;15-24 år;Mann;44.4;210;473
2024;Bjørnerud;25-39 år;Begge kjønn;70.7;1104;1562
2024;Bjørnerud;25-39 år;Kvinne;65.5;524;800
2024;Bjørnerud;25-39 år;Mann;76.1;580;762
2024;Bjørnerud;40-49 år;Begge kjønn;68.4;670;980
2024;Bjørnerud;40-49 år;Kvinne;66.1;328;496
2024;Bjørnerud;40-49 år;Mann;70.7;342;484
2024;Bjørnerud;50-59 år;Begge kjønn;60.2;517;859
2024;Bjørnerud;50-59 år;Kvinne;51.5;228;443
2024;Bjørnerud;50-59 år;Mann;69.5;289;416
2024;Bjørnerud;60-74 år;Begge kjønn;31.6;297;939
2024;Bjørnerud;60-74 år;Kvinne;30.0;143;476
2024;Bjørnerud;60-74 år;Mann;33.3;154;463
2024;Mortensrud;Alder i alt;Begge kjønn;64.1;2650;4132
2024;Mortensrud;Alder i alt;Kvinne;61.1;1221;1998
2024;Mortensrud;Alder i alt;Mann;67.0;1429;2134
2024;Mortensrud;15-24 år;Begge kjønn;49.8;361;725
2024;Mortensrud;15-24 år;Kvinne;53.3;188;353
2024;Mortensrud;15-24 år;Mann;46.5;173;372
2024;Mortensrud;25-39 år;Begge kjønn;73.7;717;973
2024;Mortensrud;25-39 år;Kvinne;70.9;337;475
2024;Mortensrud;25-39 år;Mann;76.3;380;498
2024;Mortensrud;40-49 år;Begge kjønn;79.2;609;769
2024;Mortensrud;40-49 år;Kvinne;77.6;291;375
2024;Mortensrud;40-49 år;Mann;80.7;318;394
2024;Mortensrud;50-59 år;Begge kjønn;77.1;586;760
2024;Mortensrud;50-59 år;Kvinne;71.4;250;350
2024;Mortensrud;50-59 år;Mann;82.0;336;410
2024;Mortensrud;60-74 år;Begge kjønn;41.7;377;905
2024;Mortensrud;60-74 år;Kvinne;34.8;155;445
2024;Mortensrud;60-74 år;Mann;48.3;222;460
2024;Bjørndal;Alder i alt;Begge kjønn;57.5;4023;6992
2024;Bjørndal;Alder i alt;Kvinne;53.7;1860;3466
2024;Bjørndal;Alder i alt;Mann;61.3;2163;3526
2024;Bjørndal;15-24 år;Begge kjønn;46.8;688;1469
2024;Bjørndal;15-24 år;Kvinne;48.1;350;728
2024;Bjørndal;15-24 år;Mann;45.6;338;741
2024;Bjørndal;25-39 år;Begge kjønn;67.3;1306;1941
2024;Bjørndal;25-39 år;Kvinne;64.0;625;976
2024;Bjørndal;25-39 år;Mann;70.6;681;965
2024;Bjørndal;40-49 år;Begge kjønn;66.5;846;1272
2024;Bjørndal;40-49 år;Kvinne;59.7;392;657
2024;Bjørndal;40-49 år;Mann;73.8;454;615
2024;Bjørndal;50-59 år;Begge kjønn;65.7;788;1199
2024;Bjørndal;50-59 år;Kvinne;60.0;355;592
2024;Bjørndal;50-59 år;Mann;71.3;433;607
2024;Bjørndal;60-74 år;Begge kjønn;35.6;395;1111
2024;Bjørndal;60-74 år;Kvinne;26.9;138;513
2024;Bjørndal;60-74 år;Mann;43.0;257;598
